N,P,K,temperature,humidity,ph,rainfall,label
89,45,43,27.41,81.03,6.31,283.38,rice
95,43,43,22.44,79.87,6.5,178.6,rice
45,42,33,24.39,77.66,5.84,279.97,rice
75,47,31,22.24,82.75,5.94,247.27,rice
67,44,36,28.23,82.13,5.98,260.68,rice
55,48,28,20.28,83.18,6.7,241.14,rice
77,44,31,21.8,79.9,6.82,246.31,rice
44,49,37,21.91,85.26,6.81,263.94,rice
63,44,41,26.04,79.8,6.33,202.81,rice
56,53,48,23.42,87.22,6.54,216.65,rice
87,59,39,27.51,69.1,6.73,238.61,rice
74,47,28,23.05,83.99,6.99,220.45,rice
63,42,45,24.42,79.55,6.61,238.91,rice
99,41,38,22.62,74.88,6.52,243.83,rice
80,45,31,22.55,80.49,6.08,231.16,rice
88,62,41,24.24,81.83,5.63,235.2,rice
81,66,38,24.35,82.03,5.93,270.28,rice
95,53,34,27.11,75.19,6.63,301.71,rice
60,42,40,22.34,74.45,6.43,204.13,rice
89,39,49,21.64,80.59,6.73,199.07,rice
84,57,30,24.06,83.5,6.71,198.89,rice
53,51,41,24.23,83.93,6.13,242.97,rice
85,41,51,24.78,76.24,6.66,206.76,rice
95,56,35,26.01,84.26,6.73,292.9,rice
75,40,34,21.56,81.81,6.54,244.3,rice
96,47,48,22.94,95.8,6.65,210.29,rice
58,50,38,25.39,84.57,6.37,210.6,rice
49,43,45,24.14,75.97,6.47,247.56,rice
62,48,40,20.74,83.99,6.62,268.49,rice
101,35,34,24.89,84.77,6.61,351.58,rice
91,56,45,25.23,80.62,6.7,212.82,rice
75,43,40,29.39,72.86,6.67,187.62,rice
70,55,40,20.91,78.62,6.67,214.09,rice
84,47,36,28.96,85.37,5.59,241.59,rice
66,53,35,23.31,84.72,6.75,199.99,rice
73,43,36,28.01,84.22,5.9,263.54,rice
122,55,30,22.39,88.53,6.12,249.31,rice
95,39,39,15.5,77.08,6.3,198.57,rice
112,35,37,23.93,89.41,5.83,270.89,rice
80,39,42,24.1,79.2,6.43,224.44,rice
82,52,49,20.51,92.87,5.62,231.45,rice
91,49,36,23.08,79.73,6.16,261.49,rice
87,41,45,24.37,86.26,6.65,211.13,rice
68,52,43,23.55,82.79,6.91,218.25,rice
90,45,38,26.35,86.33,6.73,275.16,rice
80,52,38,24.41,81.55,6.44,253.85,rice
63,63,33,20.56,87.99,6.72,254.72,rice
92,46,34,23.79,78.81,6.79,231.59,rice
63,44,42,22.19,78.09,6.5,243.35,rice
69,43,41,19.98,75.16,6.11,229.6,rice
86,58,45,23.2,82.1,6.0,235.44,rice
74,49,35,24.9,89.86,6.36,248.05,rice
93,43,41,23.63,82.69,6.09,236.74,rice
89,58,45,28.98,78.36,6.75,241.5,rice
123,40,34,22.1,71.58,6.19,213.23,rice
83,49,51,25.98,79.32,6.04,250.76,rice
53,61,47,22.43,73.63,6.94,232.56,rice
104,34,36,23.61,82.43,6.22,254.69,rice
58,45,40,24.89,85.76,5.95,189.98,rice
105,49,35,27.48,82.78,6.87,238.03,rice
121,61,38,26.03,85.43,6.95,207.05,rice
93,55,29,20.64,72.0,6.29,257.53,rice
110,47,49,20.15,73.68,6.38,247.52,rice
79,30,39,20.34,85.55,6.55,207.8,rice
69,38,39,25.99,77.27,6.6,220.09,rice
64,46,33,22.22,76.21,7.19,237.06,rice
66,48,39,23.05,85.27,6.7,220.08,rice
68,44,26,19.81,89.03,7.06,228.53,rice
91,49,58,26.4,81.56,6.02,187.81,rice
84,40,31,21.98,76.79,7.07,262.45,rice
79,58,40,21.45,89.82,6.62,204.88,rice
76,39,31,25.92,91.75,5.84,252.89,rice
66,43,36,21.44,82.44,6.07,244.11,rice
78,45,34,22.16,85.98,6.6,206.67,rice
81,53,29,24.96,78.89,6.63,213.1,rice
43,33,40,24.25,77.68,6.66,186.15,rice
78,37,36,23.72,77.9,6.25,266.19,rice
68,53,33,24.92,89.41,5.41,212.09,rice
91,45,42,22.09,82.63,6.34,271.03,rice
85,49,37,22.38,80.04,6.56,223.37,rice
85,63,45,22.78,88.21,6.24,174.86,rice
59,32,37,23.65,90.58,6.53,229.43,rice
96,29,41,25.53,74.81,6.86,246.15,rice
71,52,53,24.05,83.44,6.22,210.5,rice
96,40,40,22.41,84.59,6.53,267.13,rice
69,44,34,22.49,84.09,6.7,208.34,rice
97,57,42,28.29,78.33,5.9,182.64,rice
109,52,39,24.3,76.57,7.38,239.88,rice
82,52,42,24.16,78.25,6.59,292.46,rice
106,59,36,21.13,81.57,6.42,268.83,rice
46,59,39,22.53,77.14,5.74,260.7,rice
81,36,32,22.76,90.55,6.3,190.91,rice
75,44,23,23.46,81.05,6.68,291.47,rice
102,44,33,30.03,82.5,6.41,235.28,rice
83,45,36,22.23,82.04,6.18,214.61,rice
82,44,49,16.97,87.66,6.9,173.8,rice
73,44,31,21.66,76.65,7.1,264.07,rice
105,52,33,22.29,84.65,5.91,257.39,rice
75,44,44,24.71,80.4,6.86,203.57,rice
92,51,38,24.42,75.94,6.77,230.45,rice
67,56,16,18.07,56.44,6.44,45.49,maize
108,31,25,22.93,64.47,5.98,70.69,maize
76,56,19,22.75,63.0,6.18,69.32,maize
46,37,21,22.81,63.99,6.21,69.91,maize
67,41,19,19.36,67.25,5.52,80.14,maize
85,50,22,27.3,70.58,5.46,45.51,maize
65,48,21,20.12,66.03,5.9,55.53,maize
51,40,13,19.37,70.8,5.82,104.19,maize
85,49,15,24.4,61.83,6.25,103.1,maize
75,57,16,22.2,74.74,5.95,91.89,maize
89,43,21,25.22,68.42,5.57,53.79,maize
72,47,21,22.83,57.66,6.35,73.86,maize
87,56,22,23.68,64.61,5.54,71.14,maize
80,50,13,19.06,70.79,6.18,74.92,maize
77,48,22,20.75,65.53,6.02,58.18,maize
71,49,17,26.07,60.08,6.13,58.1,maize
103,49,23,17.84,66.47,6.56,65.93,maize
96,43,24,29.2,63.0,6.02,86.5,maize
105,43,17,21.45,57.61,5.83,49.64,maize
63,47,19,26.95,59.51,6.59,61.49,maize
76,53,14,23.45,65.92,6.4,69.04,maize
121,42,16,20.43,61.94,5.95,82.54,maize
102,43,15,23.71,61.96,6.45,67.74,maize
49,60,26,20.46,62.87,6.31,69.72,maize
88,64,18,19.91,57.41,5.91,64.2,maize
109,43,19,22.25,71.54,7.21,56.74,maize
68,56,21,27.84,68.21,6.06,73.56,maize
96,54,21,25.5,71.43,6.75,74.43,maize
73,49,23,19.85,67.03,6.04,65.13,maize
100,49,19,18.22,69.1,6.46,97.15,maize
71,49,19,27.03,64.48,6.31,73.82,maize
80,44,19,25.52,59.35,6.25,54.2,maize
98,35,16,23.43,73.61,6.17,56.37,maize
110,36,10,23.62,62.24,5.79,75.33,maize
81,43,13,24.92,68.58,6.16,92.4,maize
57,35,16,22.16,66.34,6.1,69.98,maize
54,59,18,25.65,66.88,6.38,73.25,maize
85,53,24,22.89,68.9,6.16,86.3,maize
64,62,18,18.01,65.7,5.93,77.31,maize
65,44,11,20.94,51.67,5.57,76.11,maize
91,51,15,22.16,64.98,5.74,87.25,maize
92,46,19,22.93,53.77,6.1,54.47,maize
58,45,26,24.22,61.86,6.43,85.69,maize
93,48,16,24.39,67.16,6.56,74.23,maize
95,43,24,22.89,76.41,5.92,90.74,maize
80,42,17,21.34,67.33,6.41,56.09,maize
76,65,25,23.61,65.21,6.25,73.9,maize
58,45,12,23.5,68.56,6.01,88.31,maize
54,36,19,25.44,74.26,6.02,80.88,maize
76,46,22,24.26,56.33,6.79,85.4,maize
65,51,20,23.08,61.97,5.93,64.32,maize
98,52,17,24.62,49.33,6.66,38.6,maize
70,39,13,25.78,62.43,6.34,64.0,maize
85,48,13,25.29,62.28,5.58,58.28,maize
104,54,17,21.25,63.23,7.03,70.43,maize
84,56,19,21.52,63.92,6.17,64.14,maize
90,48,21,22.06,65.43,5.4,78.44,maize
83,55,7,28.57,64.23,6.64,49.1,maize
88,39,16,28.04,63.95,6.29,77.75,maize
85,49,20,29.51,64.68,6.28,80.46,maize
96,57,21,18.87,73.98,5.74,69.24,maize
63,47,20,23.26,67.32,6.85,71.5,maize
72,55,23,18.62,68.29,6.48,60.24,maize
101,46,19,21.78,65.09,5.76,43.1,maize
105,41,15,15.84,61.49,5.67,89.33,maize
95,42,28,25.25,63.21,5.2,99.06,maize
51,34,23,29.62,72.61,6.43,73.62,maize
92,54,20,22.61,64.66,5.9,60.49,maize
46,47,15,18.99,65.99,6.76,78.47,maize
48,40,22,19.35,63.76,6.42,50.17,maize
78,37,16,23.26,56.24,6.38,64.41,maize
86,49,24,22.68,62.64,6.25,72.85,maize
77,48,16,20.31,57.29,6.9,46.04,maize
64,42,22,21.42,71.86,5.93,68.88,maize
61,65,14,23.23,68.49,6.37,61.92,maize
74,48,18,25.19,77.16,5.98,44.15,maize
75,68,15,27.22,74.23,5.98,73.23,maize
106,44,18,20.55,59.42,5.94,46.34,maize
77,41,19,17.63,66.82,6.53,34.79,maize
83,57,14,27.32,67.3,5.92,63.86,maize
87,48,21,19.54,65.93,5.63,63.03,maize
60,42,23,25.57,68.35,5.76,59.95,maize
98,49,28,23.48,66.06,6.08,66.7,maize
74,53,22,19.94,57.68,5.47,72.32,maize
57,30,20,29.78,64.97,6.54,65.93,maize
75,55,17,23.1,66.77,5.93,79.58,maize
73,41,21,19.6,65.15,6.2,80.99,maize
85,47,22,26.47,68.07,6.2,45.02,maize
57,45,16,21.74,65.31,6.41,63.64,maize
85,48,11,19.48,64.21,5.72,73.7,maize
104,57,18,26.77,65.82,6.07,55.5,maize
71,44,19,22.78,65.02,6.37,82.56,maize
94,36,8,25.1,57.48,6.11,47.15,maize
44,52,22,20.57,50.75,5.98,70.58,maize
50,49,18,24.04,65.66,5.81,82.65,maize
74,47,15,20.97,60.13,6.13,90.38,maize
52,35,24,21.67,61.32,6.62,55.62,maize
109,53,17,28.77,61.67,6.5,69.19,maize
100,60,19,20.04,67.53,5.93,94.9,maize
79,45,19,18.26,59.66,6.68,54.85,maize
29,71,87,20.09,19.79,7.0,65.78,chickpea
55,64,77,21.19,18.47,7.48,101.65,chickpea
33,74,79,19.28,21.39,7.5,85.38,chickpea
50,64,73,16.92,10.9,8.12,68.97,chickpea
37,64,81,20.27,19.38,7.07,78.33,chickpea
42,65,90,19.68,19.0,7.57,91.73,chickpea
41,56,81,17.63,15.21,7.53,92.38,chickpea
40,69,90,19.23,24.61,7.53,62.39,chickpea
47,70,88,20.01,16.38,6.81,77.91,chickpea
31,62,83,21.81,17.98,6.82,84.45,chickpea
51,62,78,18.83,14.45,7.56,78.79,chickpea
44,59,75,20.1,15.68,7.99,76.0,chickpea
42,74,69,15.63,12.22,7.81,74.48,chickpea
65,62,80,21.58,22.82,8.12,92.08,chickpea
50,71,84,17.81,14.35,7.3,78.3,chickpea
35,72,85,18.96,21.23,6.84,78.06,chickpea
32,52,78,18.58,21.34,7.55,69.76,chickpea
58,76,83,18.39,13.92,7.15,90.89,chickpea
58,79,75,16.78,17.22,6.59,83.23,chickpea
38,63,67,19.72,15.2,6.83,51.28,chickpea
39,81,90,17.98,14.99,7.49,70.02,chickpea
43,73,87,18.62,16.19,6.95,71.73,chickpea
37,69,85,17.35,21.28,7.19,79.79,chickpea
32,47,85,20.13,15.96,7.33,85.16,chickpea
24,62,84,16.54,17.68,6.76,84.66,chickpea
39,54,87,17.48,14.37,7.38,91.49,chickpea
29,67,82,20.05,17.33,7.15,71.72,chickpea
40,58,58,19.59,19.51,6.35,69.9,chickpea
46,83,79,17.49,16.25,7.85,73.54,chickpea
32,63,72,19.02,21.67,7.43,77.48,chickpea
37,54,85,18.66,16.26,8.58,82.99,chickpea
32,63,87,19.0,12.49,7.67,73.32,chickpea
58,75,75,21.11,17.0,7.64,84.85,chickpea
31,61,86,18.2,15.59,6.92,84.24,chickpea
60,58,79,21.34,16.56,7.48,69.38,chickpea
44,65,85,20.94,24.57,7.53,83.26,chickpea
41,64,81,18.27,17.31,7.83,69.93,chickpea
51,77,78,14.98,14.98,7.82,79.77,chickpea
30,62,84,19.78,16.08,7.15,76.08,chickpea
30,79,76,20.99,21.36,7.7,75.68,chickpea
44,66,72,19.38,13.26,7.78,75.35,chickpea
42,69,77,19.86,15.38,7.65,66.54,chickpea
41,82,71,17.58,18.34,7.37,83.51,chickpea
44,72,86,19.54,16.08,7.57,99.0,chickpea
38,59,86,18.58,10.28,7.64,74.65,chickpea
39,69,80,20.08,15.49,7.51,77.4,chickpea
47,71,72,20.75,15.19,7.62,83.67,chickpea
58,65,76,18.77,15.89,7.62,63.84,chickpea
29,58,85,21.88,16.49,7.23,80.7,chickpea
51,59,80,20.56,18.3,7.38,90.01,chickpea
12,72,74,15.5,18.33,7.85,78.63,chickpea
49,79,88,21.75,19.03,7.33,63.98,chickpea
37,60,94,18.48,17.17,7.52,80.44,chickpea
56,62,80,17.46,12.84,7.06,79.63,chickpea
35,61,69,18.65,12.29,7.6,80.82,chickpea
25,64,73,19.37,20.82,6.55,81.15,chickpea
38,72,80,17.45,15.84,6.98,90.76,chickpea
40,82,78,17.52,12.26,6.58,64.16,chickpea
42,71,67,20.41,15.35,7.36,96.12,chickpea
48,64,72,14.93,14.64,7.22,70.13,chickpea
38,67,77,17.63,17.31,7.48,69.1,chickpea
54,66,79,20.07,17.5,7.68,82.87,chickpea
33,69,70,19.0,16.7,7.22,78.71,chickpea
21,62,79,19.09,13.72,7.81,71.34,chickpea
49,70,74,22.0,13.22,7.67,90.01,chickpea
33,78,77,19.32,17.58,7.25,88.11,chickpea
47,53,88,15.81,19.9,7.75,69.09,chickpea
35,58,77,18.25,19.14,7.82,93.96,chickpea
34,65,67,17.35,19.69,7.95,67.66,chickpea
34,66,80,17.34,18.07,7.11,79.86,chickpea
45,67,75,18.6,16.53,7.15,77.41,chickpea
55,71,76,20.05,15.8,7.77,83.7,chickpea
38,70,68,16.77,13.22,7.36,97.33,chickpea
62,72,82,15.56,15.17,6.98,73.79,chickpea
38,63,65,20.15,13.58,7.4,100.74,chickpea
30,46,76,20.78,22.68,6.81,84.97,chickpea
35,66,97,16.09,17.56,7.49,90.86,chickpea
40,69,76,19.28,15.77,7.55,76.3,chickpea
43,66,86,18.71,11.48,7.8,70.94,chickpea
33,62,88,14.96,26.21,7.72,82.23,chickpea
39,69,82,19.96,18.47,7.34,78.03,chickpea
38,65,86,19.87,10.0,7.56,81.95,chickpea
39,63,86,20.51,14.48,7.46,70.28,chickpea
26,61,85,20.52,18.34,7.59,85.16,chickpea
33,70,84,20.16,20.37,7.58,83.51,chickpea
50,66,72,18.51,14.57,7.03,78.55,chickpea
32,64,65,19.18,16.8,6.97,86.59,chickpea
49,54,73,17.42,13.98,7.63,78.06,chickpea
37,50,83,16.57,16.98,7.41,93.61,chickpea
26,42,80,22.04,20.52,7.38,75.08,chickpea
48,59,82,19.71,19.98,8.4,83.92,chickpea
34,66,66,17.55,15.57,7.09,81.52,chickpea
31,75,79,18.78,15.82,7.36,88.25,chickpea
31,61,76,16.38,14.34,7.11,88.74,chickpea
42,68,84,18.55,17.97,7.26,82.65,chickpea
34,47,78,21.36,19.58,7.69,92.36,chickpea
40,68,74,18.23,18.65,7.78,78.61,chickpea
35,67,83,16.2,10.0,7.08,67.79,chickpea
34,65,75,21.41,17.78,7.42,86.22,chickpea
28,75,78,20.01,13.58,6.68,88.18,chickpea
23,59,16,22.35,18.03,6.19,87.89,kidneybeans
25,64,22,19.01,21.11,5.71,85.86,kidneybeans
25,62,19,18.11,13.91,5.64,154.15,kidneybeans
26,66,18,20.14,23.24,5.35,128.19,kidneybeans
25,72,21,20.14,23.62,5.88,98.82,kidneybeans
15,67,26,17.62,17.2,5.75,106.92,kidneybeans
21,68,19,23.08,16.8,5.45,103.83,kidneybeans
6,65,26,20.14,22.29,5.32,93.57,kidneybeans
16,64,25,21.22,18.27,5.77,115.86,kidneybeans
29,79,15,18.48,17.83,5.63,115.23,kidneybeans
27,66,18,20.4,19.09,6.33,73.75,kidneybeans
21,83,20,19.72,20.53,5.65,133.36,kidneybeans
2,79,14,19.57,20.31,5.88,73.94,kidneybeans
23,83,14,20.48,19.61,5.83,106.28,kidneybeans
14,70,27,19.72,23.76,5.31,86.77,kidneybeans
23,78,21,19.47,21.6,5.32,117.99,kidneybeans
27,63,18,20.63,20.29,5.68,147.89,kidneybeans
18,64,17,21.59,21.06,5.51,132.33,kidneybeans
31,62,12,22.12,19.55,5.94,66.5,kidneybeans
27,57,22,20.13,18.74,5.58,119.63,kidneybeans
20,71,27,16.97,26.45,5.73,87.92,kidneybeans
9,65,23,19.84,26.13,5.26,105.66,kidneybeans
9,69,23,19.26,13.79,5.76,114.63,kidneybeans
23,76,15,21.46,25.18,5.17,112.29,kidneybeans
15,66,21,19.13,19.57,5.71,84.16,kidneybeans
11,72,15,21.43,22.99,5.18,92.35,kidneybeans
29,59,18,21.02,23.95,5.62,93.95,kidneybeans
31,80,23,20.27,19.18,5.45,116.35,kidneybeans
23,78,22,17.09,24.76,5.4,98.22,kidneybeans
22,82,32,21.31,21.05,5.86,123.65,kidneybeans
17,81,20,21.1,23.6,5.83,122.68,kidneybeans
15,62,15,20.98,23.94,5.84,139.39,kidneybeans
19,72,15,19.33,23.69,5.95,100.02,kidneybeans
19,54,18,21.88,23.33,5.85,106.9,kidneybeans
20,61,22,20.94,23.08,5.54,62.83,kidneybeans
28,63,16,21.49,20.42,6.02,118.24,kidneybeans
25,56,24,20.62,20.49,5.74,70.38,kidneybeans
23,58,14,17.06,24.94,5.51,136.57,kidneybeans
15,53,15,22.57,21.13,5.54,109.1,kidneybeans
24,75,25,19.38,17.62,5.58,111.11,kidneybeans
12,59,21,20.0,21.7,5.47,101.29,kidneybeans
12,74,24,16.41,18.81,5.25,92.9,kidneybeans
19,55,16,18.09,22.22,5.72,91.47,kidneybeans
21,62,18,23.45,25.62,5.31,122.49,kidneybeans
26,57,23,23.18,18.23,5.42,126.25,kidneybeans
22,71,21,20.88,17.62,6.01,129.29,kidneybeans
18,66,13,21.13,23.32,5.68,128.39,kidneybeans
17,71,15,20.05,21.08,5.77,98.51,kidneybeans
18,73,18,16.89,26.85,6.11,80.05,kidneybeans
25,62,21,20.69,20.9,5.46,92.09,kidneybeans
12,60,19,18.67,23.65,6.15,94.3,kidneybeans
21,70,21,20.25,23.83,5.84,81.15,kidneybeans
26,74,16,20.18,23.65,5.64,127.36,kidneybeans
38,60,14,20.71,23.76,5.63,134.97,kidneybeans
9,72,17,23.54,27.58,5.47,94.91,kidneybeans
26,63,19,20.15,15.84,5.7,92.11,kidneybeans
16,78,14,21.73,20.76,5.62,121.71,kidneybeans
22,71,23,19.44,19.76,5.37,89.39,kidneybeans
43,76,14,17.46,23.05,5.86,116.88,kidneybeans
17,65,21,20.27,14.94,5.63,88.87,kidneybeans
21,90,21,19.47,24.37,5.84,114.3,kidneybeans
24,83,15,21.05,18.82,5.87,87.53,kidneybeans
16,64,23,21.94,17.86,5.72,91.71,kidneybeans
9,65,18,24.95,22.9,5.29,94.6,kidneybeans
28,83,13,16.34,27.21,5.82,88.53,kidneybeans
24,45,20,20.76,24.37,5.4,107.61,kidneybeans
12,69,16,19.28,18.61,5.9,123.07,kidneybeans
18,67,14,19.5,21.45,6.49,83.66,kidneybeans
31,74,21,23.62,22.72,5.82,104.84,kidneybeans
29,75,17,17.46,20.99,5.46,104.63,kidneybeans
29,63,19,20.22,24.15,5.03,93.77,kidneybeans
21,76,18,16.35,23.46,5.51,82.11,kidneybeans
15,65,17,15.69,24.29,6.08,118.93,kidneybeans
10,65,19,21.3,23.61,5.48,107.54,kidneybeans
23,78,22,21.68,21.85,6.12,114.1,kidneybeans
13,78,22,19.21,20.16,5.79,115.16,kidneybeans
21,69,26,22.24,22.17,5.98,85.25,kidneybeans
23,81,19,18.4,19.64,5.37,90.2,kidneybeans
17,55,20,21.9,18.88,6.16,116.12,kidneybeans
28,61,23,17.92,24.27,5.75,116.97,kidneybeans
10,59,22,18.2,22.99,5.29,122.86,kidneybeans
10,71,22,18.71,23.35,5.78,95.12,kidneybeans
11,51,21,16.97,21.89,5.62,119.48,kidneybeans
17,64,22,20.77,22.55,5.84,75.19,kidneybeans
26,71,15,19.61,21.48,5.66,112.58,kidneybeans
31,75,14,21.34,25.59,5.82,127.72,kidneybeans
36,75,20,22.19,22.03,5.71,98.87,kidneybeans
32,60,26,21.1,17.4,5.81,63.9,kidneybeans
25,74,17,20.35,27.46,5.55,84.72,kidneybeans
31,82,20,22.12,25.62,5.48,96.19,kidneybeans
29,80,22,18.34,27.56,5.54,99.2,kidneybeans
22,79,23,20.93,22.99,5.71,117.06,kidneybeans
0,64,20,17.8,22.76,5.64,141.01,kidneybeans
32,63,19,19.95,20.25,5.76,90.73,kidneybeans
10,71,22,18.49,24.29,5.51,110.96,kidneybeans
26,66,21,19.07,21.01,5.64,90.97,kidneybeans
18,54,18,19.53,20.83,5.63,104.66,kidneybeans
23,73,17,17.69,18.47,5.55,98.86,kidneybeans
13,56,18,20.46,23.39,5.53,97.64,kidneybeans
12,66,16,21.25,16.24,5.59,111.92,kidneybeans
21,88,21,24.19,47.05,4.81,147.39,pigeonpeas
13,74,17,27.29,41.64,6.57,141.37,pigeonpeas
34,73,21,28.99,51.94,4.74,142.43,pigeonpeas
26,66,14,27.52,65.04,6.32,147.85,pigeonpeas
27,64,13,24.46,63.63,5.56,143.32,pigeonpeas
17,82,26,35.47,46.41,5.85,111.48,pigeonpeas
31,57,20,23.86,42.11,5.28,134.2,pigeonpeas
15,62,23,23.83,50.21,6.31,136.57,pigeonpeas
14,65,24,28.38,42.69,5.94,121.84,pigeonpeas
25,70,18,24.76,39.13,5.97,180.12,pigeonpeas
14,70,11,25.65,47.69,5.25,125.99,pigeonpeas
14,69,19,19.87,26.79,5.4,160.84,pigeonpeas
0,63,17,32.56,44.15,5.89,152.93,pigeonpeas
2,73,20,29.48,87.26,4.66,192.52,pigeonpeas
17,69,19,26.22,42.3,5.86,111.47,pigeonpeas
26,63,15,26.12,60.57,5.43,158.36,pigeonpeas
14,73,22,34.17,46.24,6.03,151.85,pigeonpeas
30,61,22,27.02,47.36,5.75,155.71,pigeonpeas
19,68,26,31.15,56.69,5.47,127.17,pigeonpeas
27,74,25,25.59,45.7,4.88,139.59,pigeonpeas
27,63,22,27.03,51.24,5.13,151.53,pigeonpeas
0,65,13,31.92,55.77,5.93,187.43,pigeonpeas
12,80,23,26.87,59.36,5.15,128.79,pigeonpeas
15,62,15,31.98,45.41,5.88,135.14,pigeonpeas
5,69,12,27.46,34.32,6.69,172.18,pigeonpeas
20,77,16,29.6,50.0,5.83,181.21,pigeonpeas
25,69,13,24.34,46.77,5.75,121.14,pigeonpeas
39,79,22,27.95,45.88,5.22,151.34,pigeonpeas
22,57,21,27.16,28.92,5.27,139.06,pigeonpeas
35,71,14,29.4,32.53,6.24,137.62,pigeonpeas
19,77,14,22.81,42.16,6.22,111.42,pigeonpeas
0,63,22,31.9,43.37,5.49,178.25,pigeonpeas
5,63,20,29.27,42.9,5.72,87.19,pigeonpeas
14,70,16,27.91,52.47,5.53,153.66,pigeonpeas
12,65,22,28.25,42.13,5.81,167.27,pigeonpeas
3,76,18,29.19,59.97,5.01,131.66,pigeonpeas
17,60,26,24.7,42.44,5.8,119.35,pigeonpeas
16,69,18,27.37,42.71,4.94,157.44,pigeonpeas
34,67,20,30.12,35.31,6.55,154.46,pigeonpeas
33,61,27,30.41,53.53,5.82,143.19,pigeonpeas
29,68,12,23.79,46.14,5.85,147.99,pigeonpeas
29,51,20,21.34,55.6,5.65,159.89,pigeonpeas
13,77,24,29.74,46.7,5.99,131.73,pigeonpeas
26,80,24,25.15,51.61,5.05,163.71,pigeonpeas
23,52,15,26.71,44.99,5.1,159.12,pigeonpeas
22,65,16,31.37,64.55,5.46,134.1,pigeonpeas
23,64,19,30.29,28.91,6.36,151.22,pigeonpeas
16,66,19,21.64,62.95,5.72,160.48,pigeonpeas
27,58,21,26.76,56.47,4.64,146.92,pigeonpeas
15,70,21,25.22,40.88,5.64,126.98,pigeonpeas
26,64,8,26.39,37.61,4.88,118.46,pigeonpeas
20,77,21,25.58,52.56,5.47,132.03,pigeonpeas
10,52,18,28.25,47.03,5.49,125.76,pigeonpeas
24,56,23,24.19,40.48,4.97,136.86,pigeonpeas
27,71,23,29.53,36.96,5.53,129.9,pigeonpeas
30,57,23,30.83,66.3,5.5,167.21,pigeonpeas
38,62,13,21.12,55.13,4.76,140.09,pigeonpeas
23,68,21,28.48,60.79,5.22,132.48,pigeonpeas
13,73,23,29.28,59.83,5.11,191.08,pigeonpeas
32,72,27,21.9,42.76,5.33,167.44,pigeonpeas
11,73,25,30.13,50.84,5.21,128.23,pigeonpeas
29,73,19,26.24,27.74,5.16,197.19,pigeonpeas
9,68,24,23.31,49.85,6.17,149.71,pigeonpeas
42,53,24,27.1,55.72,5.92,131.07,pigeonpeas
21,52,22,28.74,54.39,6.23,158.59,pigeonpeas
21,59,17,31.85,62.36,5.58,150.55,pigeonpeas
12,76,22,34.49,39.22,5.51,155.19,pigeonpeas
25,65,16,30.78,55.21,5.24,183.29,pigeonpeas
29,68,20,29.64,39.38,5.72,95.59,pigeonpeas
27,54,26,26.54,45.88,5.39,142.2,pigeonpeas
31,47,25,28.88,35.93,5.16,191.31,pigeonpeas
12,57,24,28.88,38.62,5.81,123.76,pigeonpeas
28,75,22,28.97,65.61,5.7,119.85,pigeonpeas
23,83,15,26.43,52.16,5.67,124.84,pigeonpeas
28,85,20,24.54,32.51,5.83,177.0,pigeonpeas
23,66,17,23.88,56.35,6.16,110.76,pigeonpeas
32,71,25,23.0,34.34,5.63,161.97,pigeonpeas
34,72,19,24.11,60.3,5.22,190.11,pigeonpeas
17,79,22,27.22,42.81,5.53,160.11,pigeonpeas
20,62,19,27.98,26.71,5.93,124.91,pigeonpeas
10,53,12,22.96,40.91,6.68,136.25,pigeonpeas
21,70,20,27.43,36.05,6.43,194.58,pigeonpeas
6,58,18,24.32,53.06,5.34,203.53,pigeonpeas
29,68,24,31.57,42.36,5.29,151.35,pigeonpeas
26,68,13,24.89,47.26,5.66,198.71,pigeonpeas
8,71,25,35.65,43.96,5.95,163.64,pigeonpeas
21,66,21,18.84,54.82,5.76,143.84,pigeonpeas
36,61,18,34.67,39.68,5.42,145.72,pigeonpeas
26,68,14,25.84,41.93,5.66,160.05,pigeonpeas
23,52,24,28.58,61.85,5.92,176.93,pigeonpeas
23,77,22,27.36,70.72,6.14,163.74,pigeonpeas
9,56,21,28.21,41.86,5.77,189.12,pigeonpeas
25,57,19,24.88,44.12,5.49,137.46,pigeonpeas
9,65,17,17.45,68.53,6.24,139.99,pigeonpeas
20,57,26,34.34,49.57,6.21,153.78,pigeonpeas
9,63,20,26.11,45.81,5.65,147.38,pigeonpeas
20,58,17,23.2,57.78,4.65,178.24,pigeonpeas
31,64,9,26.44,47.36,5.19,136.52,pigeonpeas
32,72,16,22.11,44.73,5.59,161.8,pigeonpeas
15,71,27,30.55,47.52,5.61,140.48,pigeonpeas
30,42,20,28.2,50.09,6.11,54.33,mothbeans
20,52,17,30.54,47.84,7.66,33.62,mothbeans
24,51,16,28.95,60.78,5.69,56.13,mothbeans
1,40,26,26.94,46.06,6.7,71.78,mothbeans
6,39,25,31.82,52.48,6.18,72.06,mothbeans
33,53,16,28.0,52.14,6.97,65.61,mothbeans
28,39,25,28.73,57.22,7.53,39.98,mothbeans
20,43,13,28.79,68.17,5.88,50.78,mothbeans
26,48,19,25.5,54.5,6.42,29.2,mothbeans
30,55,20,28.56,59.55,6.91,60.14,mothbeans
18,58,21,28.49,45.48,6.94,42.78,mothbeans
15,41,15,32.35,61.09,7.76,38.87,mothbeans
21,37,17,26.26,60.54,6.6,61.78,mothbeans
25,66,14,30.62,59.98,6.31,61.17,mothbeans
23,46,16,26.66,65.4,6.8,58.92,mothbeans
14,41,24,25.4,50.61,6.82,52.21,mothbeans
19,51,22,29.57,47.19,6.66,63.05,mothbeans
28,37,21,24.14,53.38,7.75,41.62,mothbeans
14,54,13,26.83,56.68,6.48,48.74,mothbeans
26,51,21,27.42,55.32,6.74,55.68,mothbeans
17,46,16,28.03,48.23,6.24,53.69,mothbeans
22,54,18,28.92,56.4,7.02,42.84,mothbeans
22,50,20,23.93,54.06,7.91,47.5,mothbeans
15,50,21,30.49,45.55,7.17,57.0,mothbeans
19,50,24,29.84,46.24,7.21,50.45,mothbeans
21,48,19,30.48,52.6,6.24,47.16,mothbeans
22,57,22,26.4,68.01,6.93,63.85,mothbeans
19,52,23,30.54,59.44,7.24,47.95,mothbeans
16,50,23,27.65,59.49,7.53,41.94,mothbeans
14,46,21,27.05,61.21,7.01,51.49,mothbeans
9,37,21,23.83,59.18,6.72,83.53,mothbeans
39,46,19,30.09,63.32,5.98,33.24,mothbeans
16,52,21,30.24,45.9,5.64,59.68,mothbeans
14,31,20,29.69,52.37,6.57,49.51,mothbeans
18,37,17,29.14,55.03,6.88,41.15,mothbeans
19,30,20,30.96,44.26,6.51,54.39,mothbeans
31,44,17,24.16,53.72,7.82,53.87,mothbeans
20,50,19,26.47,58.04,6.91,51.28,mothbeans
13,58,22,26.99,59.11,6.55,43.28,mothbeans
14,33,21,24.44,45.73,5.76,50.24,mothbeans
19,45,15,25.76,55.89,6.52,54.26,mothbeans
13,49,25,29.27,50.63,6.93,48.69,mothbeans
21,45,19,28.52,47.14,6.29,37.21,mothbeans
8,38,20,26.31,56.18,6.82,31.41,mothbeans
26,54,16,28.94,47.96,6.85,38.46,mothbeans
6,44,19,27.3,46.0,6.6,53.79,mothbeans
20,49,17,30.44,46.04,7.04,62.92,mothbeans
24,46,17,30.17,44.56,6.31,47.12,mothbeans
30,51,16,27.48,49.41,6.45,60.89,mothbeans
10,60,23,30.28,50.32,6.73,36.77,mothbeans
16,51,25,25.89,50.91,6.72,37.14,mothbeans
25,42,19,27.2,48.36,6.8,48.94,mothbeans
18,42,21,31.41,53.94,7.3,37.2,mothbeans
22,39,14,26.62,60.25,7.28,53.53,mothbeans
8,46,21,28.45,42.04,6.35,50.46,mothbeans
25,30,19,28.39,58.2,7.15,56.93,mothbeans
14,32,18,30.1,61.46,7.16,55.39,mothbeans
24,43,19,31.44,47.44,7.61,47.88,mothbeans
31,36,22,26.63,44.61,6.91,61.19,mothbeans
14,36,19,27.93,56.39,7.27,50.51,mothbeans
35,49,18,24.88,51.52,6.63,60.7,mothbeans
24,38,20,29.44,62.27,7.24,58.71,mothbeans
21,51,24,25.43,51.0,6.41,54.89,mothbeans
30,43,10,27.28,58.58,7.07,55.38,mothbeans
18,37,22,26.43,66.2,7.09,45.29,mothbeans
16,47,19,30.33,54.22,6.43,70.0,mothbeans
21,54,17,28.83,54.97,5.86,71.25,mothbeans
31,44,15,28.8,53.62,6.98,53.02,mothbeans
25,59,22,26.0,61.28,7.62,82.62,mothbeans
12,49,11,29.21,49.81,7.76,43.35,mothbeans
7,44,12,29.6,40.71,6.81,30.32,mothbeans
18,61,21,26.37,52.91,6.81,55.83,mothbeans
10,52,9,26.84,50.17,7.12,51.33,mothbeans
9,40,20,27.94,49.63,6.56,58.06,mothbeans
16,47,28,25.25,41.99,7.19,44.31,mothbeans
18,41,18,31.3,57.91,7.23,36.94,mothbeans
11,25,16,30.01,56.2,6.69,50.88,mothbeans
15,49,23,24.87,54.9,7.27,46.95,mothbeans
26,70,19,28.89,48.67,6.89,55.7,mothbeans
22,39,20,31.02,55.79,7.28,48.73,mothbeans
26,50,16,28.74,47.15,6.48,52.99,mothbeans
23,38,24,29.24,48.87,6.03,49.65,mothbeans
17,48,18,24.09,50.77,6.65,57.44,mothbeans
15,61,12,30.72,51.75,7.23,51.9,mothbeans
30,44,15,30.94,52.42,6.91,63.45,mothbeans
12,52,17,27.84,53.53,6.05,43.31,mothbeans
31,55,19,28.59,51.33,7.48,49.1,mothbeans
22,57,16,31.22,43.92,7.61,47.37,mothbeans
19,32,18,26.02,49.45,6.73,60.68,mothbeans
22,50,15,26.34,63.89,6.43,67.66,mothbeans
19,48,24,30.64,52.44,6.61,50.54,mothbeans
23,55,20,29.34,62.93,6.99,54.22,mothbeans
8,26,21,27.91,50.01,6.92,50.5,mothbeans
30,48,17,30.08,51.8,7.06,46.33,mothbeans
15,48,20,29.06,51.49,5.88,46.77,mothbeans
27,45,19,30.07,48.83,6.03,49.49,mothbeans
17,40,19,29.08,53.04,6.95,69.23,mothbeans
18,50,17,26.41,49.59,6.56,54.69,mothbeans
39,42,18,27.97,55.47,6.93,63.94,mothbeans
1,28,18,30.29,43.71,5.3,56.81,mothbeans
21,38,15,26.75,85.84,6.45,52.35,mungbean
0,40,14,28.04,83.25,7.02,33.53,mungbean
20,51,26,27.63,86.7,5.98,29.26,mungbean
26,46,23,26.03,87.48,7.45,51.76,mungbean
22,47,12,30.94,82.96,6.9,35.9,mungbean
10,58,17,31.12,85.09,5.96,55.54,mungbean
15,52,19,25.72,86.06,7.58,52.34,mungbean
19,55,19,28.88,81.03,6.79,56.68,mungbean
13,58,18,26.9,89.39,6.59,54.48,mungbean
17,46,20,29.02,77.42,6.25,55.84,mungbean
18,42,13,26.56,77.31,6.66,43.61,mungbean
12,46,20,32.27,79.35,7.16,56.18,mungbean
13,48,17,28.83,91.44,6.94,52.47,mungbean
16,35,18,30.67,79.29,6.28,49.41,mungbean
12,40,17,26.04,81.5,6.98,37.94,mungbean
7,41,21,28.15,83.54,6.72,34.43,mungbean
23,50,17,30.31,80.89,7.15,49.64,mungbean
17,46,18,30.7,81.09,6.39,56.69,mungbean
15,54,25,27.78,88.13,6.24,54.44,mungbean
21,50,16,25.51,87.41,5.87,45.86,mungbean
27,48,26,30.35,82.78,6.71,48.02,mungbean
7,39,16,24.83,85.59,6.6,35.02,mungbean
23,52,19,27.92,87.77,6.97,50.86,mungbean
13,49,23,27.43,93.79,6.49,48.66,mungbean
14,48,12,27.52,81.03,6.75,56.36,mungbean
25,28,27,29.03,82.29,6.76,49.81,mungbean
14,48,16,27.77,82.65,6.13,49.57,mungbean
24,51,22,29.08,83.27,7.04,37.54,mungbean
12,39,23,30.2,87.35,7.13,41.37,mungbean
22,45,22,28.29,83.86,6.92,55.41,mungbean
14,46,14,24.0,86.2,6.94,50.5,mungbean
4,44,10,30.97,81.06,7.2,55.97,mungbean
12,37,20,26.98,85.81,6.51,34.15,mungbean
2,48,16,27.5,88.18,7.17,46.22,mungbean
17,51,13,28.9,87.61,6.97,32.91,mungbean
13,39,19,29.37,91.39,6.5,44.42,mungbean
29,49,24,29.02,80.77,6.17,35.99,mungbean
25,56,26,30.02,90.05,6.47,39.15,mungbean
26,50,19,29.2,86.69,7.21,58.76,mungbean
24,53,21,27.67,88.43,6.14,56.83,mungbean
10,49,15,29.5,85.26,6.06,51.77,mungbean
15,54,19,29.21,81.57,6.46,44.73,mungbean
26,60,15,30.44,76.72,6.22,40.73,mungbean
9,34,20,28.11,86.92,6.98,50.52,mungbean
25,46,14,30.4,83.04,6.33,46.98,mungbean
12,43,20,29.13,81.81,6.5,56.99,mungbean
23,63,23,30.56,79.85,7.01,47.98,mungbean
15,48,22,29.4,81.89,7.0,43.3,mungbean
21,44,18,29.88,81.24,7.48,33.83,mungbean
15,49,21,28.32,85.17,6.86,46.55,mungbean
31,53,22,26.76,85.08,6.58,40.36,mungbean
22,42,21,26.57,92.28,6.34,50.15,mungbean
26,42,22,26.29,91.21,6.71,43.63,mungbean
17,53,16,27.15,84.51,6.23,62.96,mungbean
15,53,19,26.73,85.38,7.01,46.89,mungbean
29,55,22,27.67,81.08,6.45,49.97,mungbean
24,29,18,28.78,84.29,7.22,51.77,mungbean
30,45,22,31.44,90.65,6.26,46.37,mungbean
17,50,21,26.99,85.67,5.89,59.94,mungbean
15,47,17,30.56,74.05,6.69,47.55,mungbean
16,60,15,29.89,86.83,7.2,43.06,mungbean
14,55,20,25.72,83.24,6.85,55.1,mungbean
14,23,21,26.3,77.33,5.57,54.91,mungbean
21,45,24,29.65,91.87,6.14,48.12,mungbean
7,45,18,29.63,85.58,6.95,54.03,mungbean
37,44,15,28.94,82.19,7.29,46.13,mungbean
15,43,21,28.22,82.83,7.37,41.55,mungbean
20,52,12,29.36,81.18,7.03,40.7,mungbean
25,55,22,28.95,84.47,6.47,60.17,mungbean
14,38,21,27.07,81.6,6.12,44.54,mungbean
19,48,22,29.45,84.64,6.62,52.48,mungbean
30,48,17,26.71,79.62,6.97,53.02,mungbean
24,45,24,27.63,89.22,6.68,43.53,mungbean
24,50,20,28.65,85.25,7.66,57.87,mungbean
25,47,23,29.43,85.5,6.58,47.75,mungbean
0,48,17,31.37,85.48,6.22,48.0,mungbean
11,50,20,30.22,82.24,6.71,37.48,mungbean
25,51,20,28.5,87.06,7.34,46.12,mungbean
21,38,15,28.68,89.82,6.6,46.51,mungbean
16,42,20,25.8,90.52,6.43,54.18,mungbean
9,52,21,29.19,81.42,6.8,38.94,mungbean
17,55,22,28.53,81.5,6.96,48.56,mungbean
1,53,18,30.66,81.02,5.43,50.63,mungbean
22,33,15,33.46,84.18,6.99,43.19,mungbean
3,45,17,27.78,84.94,6.81,47.2,mungbean
9,50,11,24.81,88.36,6.9,47.94,mungbean
8,41,17,25.63,82.44,6.96,59.82,mungbean
16,53,11,29.69,82.18,6.82,46.42,mungbean
30,40,21,28.0,84.77,6.63,41.63,mungbean
19,46,19,28.65,88.59,7.07,40.0,mungbean
26,37,21,29.62,77.75,6.74,44.65,mungbean
13,57,16,27.05,85.7,6.97,47.27,mungbean
29,51,10,27.55,83.15,6.89,27.4,mungbean
40,51,19,30.63,94.77,7.05,55.99,mungbean
21,45,17,27.01,82.65,6.16,47.79,mungbean
6,48,18,28.76,83.31,7.93,59.28,mungbean
10,48,16,26.67,80.04,6.87,42.95,mungbean
27,54,24,26.97,87.3,6.95,44.61,mungbean
13,59,19,29.64,82.11,6.21,43.84,mungbean
19,38,18,25.46,80.92,6.97,53.23,mungbean
36,58,14,29.15,68.32,7.47,63.83,blackgram
28,69,15,28.86,71.73,7.43,69.06,blackgram
27,68,23,29.15,71.86,7.62,81.11,blackgram
43,71,24,30.79,62.59,6.92,69.71,blackgram
27,65,23,25.52,72.77,7.55,64.12,blackgram
45,67,23,31.87,58.1,7.33,66.15,blackgram
40,61,25,31.98,61.4,6.57,64.71,blackgram
44,68,24,31.48,69.95,7.23,56.69,blackgram
38,75,18,30.91,63.51,6.69,66.81,blackgram
43,61,18,28.02,70.7,6.98,79.42,blackgram
55,66,14,25.73,57.74,6.55,78.83,blackgram
41,70,10,27.5,69.54,7.21,66.62,blackgram
45,80,18,30.04,66.06,8.06,51.01,blackgram
46,66,21,28.59,64.86,7.38,92.7,blackgram
48,60,17,28.99,56.12,6.97,73.66,blackgram
27,75,20,28.43,64.39,7.74,73.67,blackgram
40,65,19,28.88,54.58,7.92,69.04,blackgram
43,66,16,29.53,57.1,8.01,57.92,blackgram
29,63,24,29.93,58.92,7.6,73.65,blackgram
45,72,28,34.27,61.67,7.75,70.87,blackgram
44,53,18,28.27,69.24,7.53,51.2,blackgram
39,75,18,31.36,66.86,7.24,65.63,blackgram
27,58,21,29.94,64.41,6.93,65.36,blackgram
50,64,13,31.39,64.08,7.11,80.66,blackgram
39,69,14,29.46,68.15,6.48,69.41,blackgram
41,67,23,30.57,72.49,6.7,68.89,blackgram
40,58,22,34.55,65.01,7.3,68.48,blackgram
32,52,16,27.12,73.62,7.05,65.03,blackgram
48,58,15,30.04,70.24,7.3,69.79,blackgram
40,70,19,27.84,65.33,6.67,68.45,blackgram
35,87,18,27.09,64.43,7.31,81.19,blackgram
34,54,22,27.14,62.92,7.0,67.24,blackgram
46,61,17,29.87,65.85,7.14,71.29,blackgram
48,70,20,26.74,65.35,7.29,73.63,blackgram
33,61,16,30.97,70.27,6.94,75.06,blackgram
41,66,18,31.39,66.73,8.01,60.98,blackgram
45,62,15,29.88,65.79,8.27,66.33,blackgram
28,69,10,29.72,65.18,7.42,75.59,blackgram
34,65,15,27.64,66.65,6.59,64.48,blackgram
30,71,26,27.3,55.83,7.05,67.93,blackgram
42,63,18,30.64,70.3,6.32,64.85,blackgram
42,59,25,28.63,64.89,7.32,63.07,blackgram
21,63,23,29.23,60.87,7.47,65.15,blackgram
34,68,22,34.66,69.24,7.56,63.75,blackgram
29,67,19,27.74,64.22,7.26,70.68,blackgram
45,69,16,28.87,59.11,7.81,67.91,blackgram
37,59,30,27.75,62.96,7.27,72.6,blackgram
49,81,21,27.79,63.82,7.22,84.35,blackgram
26,76,19,31.58,64.59,6.76,73.81,blackgram
46,74,18,28.7,57.31,7.43,71.19,blackgram
30,62,17,26.93,61.01,6.65,64.5,blackgram
32,53,27,32.41,61.2,7.21,71.14,blackgram
51,60,23,28.8,58.42,7.39,78.13,blackgram
65,57,21,29.08,69.02,6.51,57.7,blackgram
32,67,16,31.22,70.23,7.34,80.75,blackgram
44,57,24,28.69,69.65,7.73,71.45,blackgram
25,59,24,29.56,65.5,7.4,73.37,blackgram
42,65,17,31.62,67.87,7.0,76.46,blackgram
38,60,15,27.94,63.74,7.59,61.36,blackgram
41,61,17,26.88,64.0,7.02,72.12,blackgram
42,57,23,30.32,66.09,7.1,63.66,blackgram
42,70,12,28.82,63.83,7.2,77.35,blackgram
32,63,16,28.3,63.36,7.41,59.37,blackgram
44,53,16,29.24,73.47,6.99,50.19,blackgram
20,67,21,30.65,65.94,7.56,63.48,blackgram
48,53,15,26.29,63.73,7.08,68.71,blackgram
40,59,18,26.91,71.92,6.98,63.89,blackgram
55,57,14,27.71,64.76,7.27,73.72,blackgram
65,49,21,28.79,62.17,6.85,60.53,blackgram
56,73,19,32.6,57.54,6.57,50.38,blackgram
33,68,19,30.2,58.04,7.42,69.72,blackgram
47,51,20,27.52,63.11,7.31,68.53,blackgram
31,67,12,32.2,64.07,7.55,63.59,blackgram
34,60,22,28.48,68.32,6.95,51.99,blackgram
34,57,19,27.52,69.73,7.06,66.38,blackgram
46,74,18,28.36,56.23,6.83,62.86,blackgram
41,64,21,28.67,64.81,7.57,70.53,blackgram
39,62,16,28.2,62.39,7.4,66.02,blackgram
26,81,20,27.09,62.89,7.14,81.44,blackgram
28,74,24,28.64,63.71,6.69,66.17,blackgram
39,72,23,28.4,55.26,7.09,70.15,blackgram
42,64,19,32.93,67.01,6.95,63.8,blackgram
38,80,18,29.86,62.69,7.54,83.48,blackgram
44,67,19,25.13,68.83,7.15,71.23,blackgram
32,63,17,31.94,63.21,7.93,71.25,blackgram
27,65,16,25.51,73.1,7.38,72.07,blackgram
41,55,17,31.58,59.84,6.09,65.98,blackgram
38,68,21,31.18,66.39,7.58,55.65,blackgram
45,72,14,26.89,61.37,6.84,73.83,blackgram
33,60,16,32.14,65.17,7.03,66.92,blackgram
52,61,24,30.32,64.3,8.1,59.35,blackgram
36,57,22,33.28,73.45,7.59,66.22,blackgram
36,53,27,30.84,62.64,7.63,60.02,blackgram
44,65,21,29.77,57.85,7.13,76.19,blackgram
39,73,14,29.85,61.98,7.4,68.05,blackgram
46,75,21,30.45,60.11,7.1,63.54,blackgram
36,64,15,25.99,61.76,7.18,57.01,blackgram
40,82,23,33.19,67.06,7.57,62.01,blackgram
33,45,23,32.98,62.33,7.0,61.77,blackgram
43,75,12,30.72,63.72,7.15,71.47,blackgram
16,67,18,27.41,66.89,6.99,35.43,lentil
15,75,19,26.48,73.63,7.32,46.35,lentil
14,47,18,23.52,66.75,6.84,43.04,lentil
7,60,20,29.65,64.31,7.03,53.22,lentil
13,70,16,27.09,65.56,7.02,39.34,lentil
22,84,14,23.48,65.96,7.21,41.12,lentil
1,78,22,19.27,61.76,7.53,57.18,lentil
23,66,19,24.11,70.44,6.55,39.15,lentil
24,67,24,22.49,64.53,6.53,45.66,lentil
9,64,13,26.58,68.38,6.21,56.27,lentil
32,68,16,32.97,58.21,6.91,47.04,lentil
26,70,17,21.65,63.09,6.5,45.98,lentil
14,56,24,23.01,58.46,6.83,46.15,lentil
7,70,14,29.63,67.42,6.74,39.64,lentil
17,72,18,23.85,65.09,6.66,42.85,lentil
5,75,20,22.18,74.29,6.93,37.31,lentil
23,71,20,23.22,67.05,6.8,50.05,lentil
6,64,25,22.2,61.78,6.72,35.88,lentil
4,66,19,24.34,64.08,6.92,53.78,lentil
16,63,17,26.24,71.86,6.65,46.39,lentil
20,60,19,20.1,55.95,7.05,42.53,lentil
19,67,15,24.36,58.63,7.46,34.75,lentil
16,59,21,23.51,62.21,7.24,45.84,lentil
21,60,13,24.82,63.21,7.15,44.96,lentil
19,55,26,24.01,68.29,6.57,48.06,lentil
10,71,17,24.59,68.29,6.41,40.12,lentil
20,84,18,26.27,64.27,7.68,31.62,lentil
18,54,8,25.39,65.5,6.79,44.75,lentil
36,65,21,22.55,66.28,6.8,42.32,lentil
28,77,19,17.59,62.99,7.98,43.75,lentil
24,79,19,21.97,52.62,7.17,39.08,lentil
19,58,17,24.6,66.14,6.45,55.18,lentil
14,54,18,24.6,65.6,7.44,43.71,lentil
17,59,22,25.05,62.7,6.14,57.16,lentil
10,63,20,20.91,57.33,6.05,51.37,lentil
14,91,15,21.74,61.97,7.0,41.84,lentil
21,60,13,19.11,53.68,6.69,43.19,lentil
14,77,23,23.5,55.83,6.67,40.8,lentil
14,62,16,23.34,61.62,6.98,48.48,lentil
12,78,15,19.65,66.7,6.57,48.17,lentil
3,79,21,20.0,57.41,7.57,39.7,lentil
12,49,17,23.82,68.38,6.34,33.44,lentil
20,76,12,27.74,64.99,7.34,45.04,lentil
2,66,23,21.82,62.86,6.83,22.4,lentil
28,60,21,24.24,71.09,7.06,43.72,lentil
12,74,11,26.44,59.3,7.4,46.89,lentil
21,68,11,21.92,68.16,6.97,55.05,lentil
20,60,15,24.81,53.23,7.57,49.13,lentil
25,55,23,31.19,58.2,7.21,45.61,lentil
8,71,22,22.7,70.63,6.23,33.64,lentil
18,68,16,26.93,67.45,7.24,44.61,lentil
21,64,27,22.06,75.33,6.91,34.6,lentil
26,69,22,28.17,66.49,6.66,53.41,lentil
18,73,10,25.84,61.61,7.56,50.58,lentil
19,71,15,29.37,74.76,7.06,58.32,lentil
14,61,19,25.8,62.83,7.12,48.05,lentil
12,72,22,25.01,70.56,6.41,49.34,lentil
10,59,16,21.67,62.06,6.81,52.3,lentil
16,55,23,21.99,64.51,7.08,47.2,lentil
24,71,15,31.04,65.77,6.84,53.31,lentil
19,71,28,23.67,63.21,6.95,54.17,lentil
8,52,16,19.6,62.68,7.1,38.47,lentil
9,68,22,19.42,68.9,7.23,53.23,lentil
25,85,17,24.83,62.72,6.9,57.86,lentil
9,61,24,27.56,62.98,7.24,48.33,lentil
27,68,23,32.43,67.79,6.92,51.38,lentil
15,87,19,23.68,60.62,7.34,52.54,lentil
15,72,12,25.05,67.06,7.58,39.43,lentil
10,60,13,28.51,72.54,7.03,55.37,lentil
18,67,17,23.57,57.06,7.01,45.28,lentil
22,68,18,21.89,65.16,7.2,36.45,lentil
18,69,16,22.74,65.95,6.45,48.4,lentil
12,76,28,21.92,67.47,6.61,53.93,lentil
10,71,15,23.88,59.64,7.23,38.9,lentil
21,65,18,24.94,60.99,6.98,57.84,lentil
13,77,24,22.05,57.52,7.02,41.22,lentil
29,68,15,21.06,70.25,6.67,45.95,lentil
23,64,18,24.45,68.22,7.14,43.84,lentil
18,65,13,25.27,74.26,6.55,39.42,lentil
12,73,20,24.02,60.21,6.94,33.08,lentil
18,74,13,19.9,72.7,6.66,54.69,lentil
17,66,20,21.85,65.46,6.75,35.04,lentil
20,65,18,20.87,72.76,7.25,53.31,lentil
16,54,26,24.32,61.06,7.07,54.94,lentil
17,78,23,21.27,61.43,7.28,23.9,lentil
17,56,17,23.6,63.01,6.68,36.82,lentil
31,82,14,29.25,62.8,6.95,45.09,lentil
14,75,19,23.07,58.28,6.54,32.47,lentil
18,58,17,28.61,70.8,6.89,44.9,lentil
29,72,17,20.22,66.77,7.23,40.55,lentil
19,65,18,17.04,63.69,7.29,40.55,lentil
18,61,20,23.85,60.1,7.43,53.03,lentil
14,71,21,26.43,56.33,7.3,41.04,lentil
15,89,20,23.34,53.77,7.46,34.84,lentil
11,65,24,26.82,64.01,7.02,40.8,lentil
18,68,22,27.4,67.27,6.76,51.53,lentil
17,59,17,24.75,69.35,6.83,35.93,lentil
18,68,19,27.26,69.89,6.66,40.67,lentil
11,73,24,23.55,63.59,7.49,49.64,lentil
20,58,21,21.71,59.13,6.76,40.91,lentil
16,12,44,24.62,84.26,6.89,97.77,pomegranate
23,17,40,21.34,93.74,5.78,114.79,pomegranate
24,20,51,20.48,92.97,6.35,122.3,pomegranate
17,16,46,20.57,85.86,6.14,114.93,pomegranate
26,18,46,18.4,88.77,6.26,106.13,pomegranate
18,20,37,22.15,89.96,5.94,106.14,pomegranate
17,17,40,21.99,88.8,7.04,93.47,pomegranate
13,29,34,18.42,92.3,5.36,104.68,pomegranate
30,11,30,18.05,92.8,6.96,101.35,pomegranate
22,23,48,21.18,83.2,5.99,102.38,pomegranate
16,17,45,24.99,89.58,6.95,111.79,pomegranate
18,21,40,26.94,85.78,6.14,105.98,pomegranate
20,23,39,18.24,92.63,6.78,84.2,pomegranate
17,11,36,19.54,92.53,6.46,92.07,pomegranate
23,12,41,19.76,89.0,6.65,113.76,pomegranate
26,17,41,20.71,90.65,6.62,106.32,pomegranate
7,19,41,20.1,86.25,7.14,113.4,pomegranate
16,13,35,25.06,90.51,6.12,113.62,pomegranate
13,24,46,20.63,88.21,5.09,89.72,pomegranate
9,18,38,18.44,89.26,6.65,113.83,pomegranate
6,17,33,24.05,92.45,5.95,98.31,pomegranate
15,8,41,21.12,93.01,5.85,100.07,pomegranate
8,13,34,24.29,88.01,6.46,102.93,pomegranate
10,17,42,18.78,92.53,5.98,101.7,pomegranate
21,15,40,21.01,90.49,5.21,85.54,pomegranate
21,22,35,21.19,90.98,6.75,83.17,pomegranate
12,16,43,28.05,89.42,5.7,112.33,pomegranate
25,18,35,24.19,92.09,5.89,112.08,pomegranate
23,22,39,20.9,93.78,5.79,112.76,pomegranate
9,22,38,24.97,91.57,5.79,124.6,pomegranate
27,21,36,21.03,90.54,6.05,127.81,pomegranate
18,7,41,20.93,89.88,6.22,117.18,pomegranate
24,19,38,21.7,90.16,6.0,114.45,pomegranate
20,24,46,20.09,92.56,5.92,115.85,pomegranate
14,13,41,15.11,84.85,6.31,108.49,pomegranate
15,11,35,22.78,91.85,6.39,121.38,pomegranate
20,15,38,18.29,89.78,6.96,115.72,pomegranate
26,16,46,21.32,94.51,6.39,115.99,pomegranate
26,17,41,25.02,89.7,5.74,133.22,pomegranate
15,18,45,20.28,87.08,6.53,85.98,pomegranate
16,18,38,17.94,94.88,6.45,124.67,pomegranate
16,14,41,21.26,86.57,7.13,100.03,pomegranate
6,23,37,20.28,84.8,7.27,92.03,pomegranate
18,21,42,21.65,85.0,6.0,109.75,pomegranate
13,18,43,24.21,86.42,7.5,116.71,pomegranate
17,22,51,18.2,89.42,5.21,109.81,pomegranate
20,17,36,16.68,91.22,7.13,100.41,pomegranate
20,11,42,20.82,87.81,6.02,102.78,pomegranate
20,12,38,21.7,86.8,7.3,97.26,pomegranate
13,14,48,23.18,87.29,6.95,109.91,pomegranate
19,16,36,22.64,88.46,7.31,92.27,pomegranate
27,17,41,23.88,88.21,6.83,75.01,pomegranate
13,14,33,21.26,91.26,6.75,110.39,pomegranate
14,19,40,24.14,92.43,6.42,96.73,pomegranate
14,15,38,22.47,92.25,6.37,107.69,pomegranate
18,15,35,17.41,88.01,6.64,99.07,pomegranate
16,19,42,19.1,93.09,6.96,93.94,pomegranate
13,22,39,16.25,85.9,6.28,93.54,pomegranate
15,18,47,21.07,93.32,7.11,124.71,pomegranate
19,10,42,24.42,89.86,7.27,117.82,pomegranate
21,22,41,15.57,88.6,7.0,97.81,pomegranate
16,13,48,26.0,87.45,6.47,99.33,pomegranate
21,20,44,22.63,98.91,5.89,86.97,pomegranate
15,11,32,19.3,87.33,5.92,113.72,pomegranate
14,17,44,19.88,89.31,6.58,84.2,pomegranate
3,19,42,26.96,90.57,6.81,105.15,pomegranate
19,24,29,22.83,96.51,6.54,127.31,pomegranate
14,17,40,16.26,86.6,5.85,117.36,pomegranate
23,19,44,21.39,93.71,6.4,108.19,pomegranate
16,20,37,24.24,86.7,5.85,115.75,pomegranate
17,16,44,20.28,89.5,7.1,125.97,pomegranate
27,16,46,19.43,87.38,5.22,127.57,pomegranate
12,17,35,23.54,88.97,5.75,112.8,pomegranate
9,14,29,18.24,90.64,5.42,89.73,pomegranate
17,15,49,26.38,87.5,6.68,116.49,pomegranate
14,12,39,21.37,88.79,6.62,98.49,pomegranate
11,18,41,18.86,92.88,5.51,100.56,pomegranate
16,15,37,26.48,87.55,7.62,112.75,pomegranate
18,19,52,19.32,86.74,6.02,107.89,pomegranate
7,18,48,22.18,89.22,6.09,118.28,pomegranate
13,25,49,22.44,90.07,6.92,120.64,pomegranate
13,15,33,22.82,92.1,5.73,102.04,pomegranate
9,14,42,19.97,89.2,5.59,109.74,pomegranate
17,15,39,22.25,87.66,5.66,129.17,pomegranate
14,17,45,30.62,86.37,6.62,99.01,pomegranate
14,15,34,21.7,85.68,6.87,108.16,pomegranate
20,16,38,22.52,86.61,6.22,97.18,pomegranate
12,9,46,20.08,93.59,6.93,92.07,pomegranate
11,28,48,21.72,90.87,6.08,112.69,pomegranate
13,9,33,21.85,86.71,6.37,94.6,pomegranate
13,21,41,21.78,92.74,6.64,124.86,pomegranate
15,16,33,20.73,92.99,7.05,119.02,pomegranate
7,22,30,24.05,89.0,6.75,91.51,pomegranate
25,12,36,19.3,84.84,6.45,129.17,pomegranate
34,18,45,22.38,91.6,6.23,109.84,pomegranate
21,15,39,21.65,92.58,5.87,106.88,pomegranate
29,22,46,21.86,91.06,6.9,126.22,pomegranate
6,12,46,21.11,88.08,5.77,100.84,pomegranate
9,26,39,21.66,91.86,6.88,118.85,pomegranate
24,15,38,23.72,88.52,6.4,112.29,pomegranate
111,67,54,26.88,83.13,6.21,123.89,banana
120,92,58,27.82,80.43,6.25,113.38,banana
95,85,49,25.76,85.46,5.92,129.18,banana
75,77,50,29.35,81.9,6.02,91.07,banana
82,84,41,26.34,82.3,5.51,123.86,banana
118,69,44,23.19,77.17,6.21,99.63,banana
106,69,54,26.3,80.35,5.86,89.34,banana
82,89,52,29.19,81.6,5.96,83.89,banana
95,81,61,28.54,86.44,6.14,96.06,banana
101,83,44,26.61,79.48,6.54,79.63,banana
118,74,41,29.42,83.23,6.4,114.21,banana
130,86,49,27.92,85.27,5.59,96.78,banana
95,65,50,23.9,80.51,6.25,98.88,banana
125,70,57,28.52,73.44,6.98,103.84,banana
86,70,48,27.07,80.71,5.78,112.2,banana
94,66,49,23.04,81.72,5.51,106.56,banana
119,74,56,26.52,87.31,5.75,94.51,banana
110,78,44,26.44,80.12,6.44,81.39,banana
100,86,51,29.66,80.0,5.83,111.71,banana
101,78,53,26.13,77.86,5.69,120.84,banana
51,85,50,24.27,81.54,6.09,111.68,banana
60,92,45,28.54,83.26,5.55,112.53,banana
94,65,57,25.9,76.88,5.74,107.87,banana
99,86,41,25.96,79.84,6.66,103.23,banana
116,82,47,26.86,79.63,6.14,121.1,banana
105,91,44,26.55,77.4,6.03,100.29,banana
110,74,50,28.54,72.04,6.75,101.2,banana
69,83,50,27.15,84.26,6.2,108.17,banana
106,81,60,24.64,80.86,5.93,114.36,banana
87,68,50,27.81,86.26,5.39,118.46,banana
135,78,42,26.57,80.36,6.13,97.5,banana
123,73,39,29.29,71.2,5.82,142.01,banana
99,73,49,27.21,80.94,6.16,92.13,banana
125,83,54,26.17,85.45,5.8,107.93,banana
86,74,54,26.5,76.88,5.64,112.99,banana
90,81,50,23.85,74.42,6.03,95.76,banana
115,89,54,30.58,79.97,6.16,97.59,banana
136,97,50,28.0,85.74,5.84,96.72,banana
113,82,51,25.8,73.43,5.99,115.46,banana
96,93,45,25.4,80.03,5.87,113.84,banana
88,92,61,27.23,85.3,5.48,117.5,banana
115,88,49,21.98,77.73,5.65,92.86,banana
101,78,45,25.39,77.44,6.35,96.67,banana
92,78,52,28.12,68.12,6.31,121.84,banana
84,74,47,25.94,81.2,5.12,91.18,banana
123,74,57,27.94,73.06,6.15,103.19,banana
93,83,52,28.57,85.01,6.06,88.09,banana
92,105,54,31.56,85.88,6.0,108.22,banana
99,68,50,29.48,77.9,6.06,114.82,banana
86,78,43,25.82,75.15,5.54,121.63,banana
86,83,46,29.42,85.54,6.25,108.27,banana
96,72,61,25.93,82.95,6.32,97.94,banana
115,88,60,26.46,75.16,5.7,107.11,banana
100,78,38,28.15,88.19,6.09,111.91,banana
108,85,55,28.01,79.05,5.58,101.61,banana
104,79,51,28.09,83.63,6.41,105.54,banana
80,79,50,24.0,85.85,5.96,109.18,banana
120,76,53,27.1,79.56,5.59,124.59,banana
94,87,38,29.42,84.51,5.94,101.88,banana
106,100,39,28.71,76.65,5.89,101.63,banana
93,81,43,29.15,73.12,6.12,100.68,banana
82,83,40,27.37,74.61,6.08,93.51,banana
93,84,45,27.2,74.24,6.15,125.78,banana
141,82,54,24.09,86.31,6.21,98.79,banana
118,79,47,28.16,76.05,6.31,91.93,banana
84,74,54,26.19,74.91,5.66,104.22,banana
82,72,62,25.75,79.01,5.75,99.54,banana
109,89,48,25.07,85.4,5.86,125.36,banana
66,83,61,26.66,79.4,6.02,97.89,banana
95,79,46,29.51,82.14,6.0,114.3,banana
96,75,46,27.3,76.06,5.7,98.41,banana
131,59,48,30.41,80.79,6.2,105.8,banana
89,64,51,25.9,77.1,5.7,125.54,banana
136,83,47,25.18,82.17,6.61,101.63,banana
64,87,55,24.45,81.01,6.08,103.72,banana
88,90,47,24.63,72.1,6.4,112.0,banana
101,78,46,25.36,78.57,5.05,95.77,banana
95,86,49,28.73,85.7,6.32,110.25,banana
100,74,54,30.32,81.67,6.67,86.29,banana
82,88,51,29.66,80.24,5.55,102.04,banana
77,72,55,28.87,81.75,5.21,100.3,banana
81,91,46,25.35,80.42,5.64,122.4,banana
88,70,37,27.24,78.05,5.33,118.87,banana
110,81,58,28.49,77.01,5.48,114.42,banana
105,83,44,28.39,77.28,5.86,121.96,banana
90,69,43,29.09,81.32,5.85,98.49,banana
107,75,51,25.98,76.71,5.65,100.1,banana
99,83,27,25.85,78.73,6.5,91.64,banana
102,93,42,28.01,77.09,5.7,94.96,banana
89,103,55,29.28,82.27,5.26,109.34,banana
116,75,55,28.57,87.71,5.73,91.43,banana
94,93,39,23.58,80.66,5.72,104.69,banana
114,77,38,30.98,76.31,5.48,117.84,banana
94,81,52,29.25,78.97,6.51,78.97,banana
111,75,58,27.56,77.61,6.17,115.32,banana
109,73,47,27.29,80.13,6.2,80.42,banana
105,79,44,25.96,79.44,4.46,96.18,banana
86,86,45,26.91,86.47,6.3,115.43,banana
92,86,48,26.95,81.94,5.66,122.52,banana
97,86,58,29.16,74.66,6.08,114.81,banana
25,21,25,33.19,45.53,5.55,110.46,mango
19,23,24,31.87,42.1,5.58,98.03,mango
27,30,25,33.56,48.3,5.08,92.98,mango
28,27,29,34.47,41.51,5.06,78.54,mango
22,27,36,31.69,47.68,5.7,95.88,mango
9,40,31,31.62,53.79,6.05,93.29,mango
16,29,30,29.58,58.61,5.85,102.0,mango
28,27,30,32.82,45.75,5.73,95.96,mango
14,38,21,28.6,57.99,6.06,84.44,mango
23,34,28,36.4,39.76,6.05,106.37,mango
25,25,27,32.09,54.99,6.0,105.1,mango
13,25,24,30.43,56.19,5.75,120.77,mango
21,27,29,29.92,49.75,6.26,95.84,mango
15,22,26,31.35,57.26,5.03,91.5,mango
20,17,24,29.84,45.32,5.8,93.09,mango
16,29,37,34.48,38.56,5.99,92.92,mango
20,25,29,31.5,46.63,5.25,90.21,mango
21,29,33,30.21,51.8,6.18,106.36,mango
19,25,29,28.9,48.94,6.07,101.12,mango
18,28,24,32.61,49.63,5.56,91.08,mango
19,24,32,30.41,59.66,6.43,85.78,mango
20,23,27,35.2,48.25,5.88,100.11,mango
13,22,22,29.43,33.0,5.97,115.24,mango
20,19,25,30.28,43.99,6.13,102.8,mango
13,30,36,35.01,67.29,5.25,122.94,mango
17,24,30,30.04,52.49,5.04,92.31,mango
27,26,29,32.15,57.12,4.87,100.55,mango
18,27,34,28.81,44.02,4.73,89.21,mango
27,26,22,30.23,41.17,5.14,98.59,mango
12,32,28,31.37,48.43,6.09,102.53,mango
22,29,27,32.28,48.07,5.7,91.95,mango
17,23,31,33.82,57.13,5.07,107.59,mango
18,30,24,31.48,51.98,4.96,100.78,mango
28,26,35,30.82,55.2,4.59,118.89,mango
28,25,19,31.78,41.44,5.92,98.82,mango
14,32,33,33.15,50.15,4.99,104.48,mango
18,20,35,35.4,49.85,6.78,95.61,mango
17,23,37,29.64,54.51,5.42,90.1,mango
26,25,26,33.47,59.68,6.02,88.15,mango
16,27,30,29.22,54.44,5.74,77.54,mango
14,24,28,34.98,51.53,5.28,96.91,mango
17,28,31,33.62,49.95,6.52,103.78,mango
15,38,30,29.53,60.02,6.74,94.37,mango
16,26,32,33.76,53.52,5.75,109.68,mango
18,32,27,32.06,49.42,5.67,90.93,mango
28,23,25,35.44,55.97,4.51,89.05,mango
9,22,13,30.93,43.25,5.73,78.45,mango
20,24,36,34.02,54.81,5.54,114.55,mango
10,19,28,35.71,48.89,5.61,80.28,mango
25,31,32,29.94,45.86,5.05,95.54,mango
13,21,26,30.22,46.87,5.93,95.49,mango
18,27,24,31.41,51.0,4.95,104.66,mango
14,27,34,33.05,50.31,5.52,104.18,mango
24,23,25,27.06,51.02,5.66,106.06,mango
22,33,25,33.48,46.93,6.09,80.11,mango
21,17,27,32.08,46.97,5.17,103.16,mango
19,24,29,36.47,57.02,6.28,99.06,mango
20,15,25,30.24,38.85,5.12,74.89,mango
19,31,34,32.03,44.32,4.73,77.13,mango
12,22,28,29.17,52.13,5.58,94.81,mango
26,21,31,31.17,48.1,6.14,103.49,mango
14,26,30,30.65,53.61,5.84,113.03,mango
10,26,24,32.41,40.4,5.87,88.4,mango
15,19,26,33.37,49.95,6.01,111.35,mango
21,24,31,30.11,47.07,4.94,103.96,mango
17,27,23,32.07,45.53,5.63,103.48,mango
24,26,20,37.19,60.58,6.06,87.17,mango
19,24,35,31.73,45.4,5.46,105.91,mango
29,34,32,30.69,30.65,5.85,94.68,mango
20,27,22,32.31,53.89,6.04,104.17,mango
23,24,28,31.38,50.75,6.2,101.14,mango
32,38,29,23.53,57.52,5.43,86.69,mango
17,24,32,28.08,43.63,5.87,100.93,mango
23,23,24,30.19,51.54,6.44,74.23,mango
18,20,20,33.13,53.37,5.92,103.91,mango
17,24,39,30.71,54.51,5.7,76.22,mango
7,24,34,32.78,55.58,5.21,110.86,mango
14,28,28,30.85,58.13,5.35,81.2,mango
20,25,45,32.55,47.64,5.17,75.9,mango
13,27,36,33.44,51.47,5.54,97.39,mango
16,35,28,31.03,36.81,5.6,103.06,mango
13,23,32,28.25,56.45,5.43,90.81,mango
13,28,41,32.76,44.91,6.27,91.53,mango
28,31,14,29.19,55.77,5.78,84.46,mango
16,17,28,35.62,54.93,6.8,103.52,mango
26,36,30,30.83,56.3,6.43,89.9,mango
15,27,33,32.8,41.55,6.66,88.29,mango
18,22,42,31.68,44.99,6.13,102.39,mango
18,31,24,30.21,38.04,5.04,112.78,mango
29,27,37,30.88,48.64,5.73,93.45,mango
18,32,29,32.62,56.29,5.89,85.0,mango
11,27,28,31.37,50.0,6.99,81.4,mango
8,28,27,31.83,53.6,6.34,79.63,mango
16,29,32,35.59,55.83,5.67,85.8,mango
16,24,32,31.71,42.16,5.48,103.48,mango
22,29,30,34.45,51.52,5.51,85.54,mango
21,14,28,30.79,41.91,5.24,102.8,mango
21,27,30,31.39,57.56,5.76,80.12,mango
29,28,26,28.69,52.48,5.64,110.44,mango
17,22,33,33.05,51.11,6.04,94.32,mango
24,145,206,22.95,85.86,5.05,86.02,grapes
12,124,199,23.07,84.82,5.58,71.69,grapes
19,135,199,24.26,80.15,5.8,71.9,grapes
28,124,191,26.87,81.7,6.33,62.35,grapes
12,125,192,23.41,79.89,6.3,67.29,grapes
23,133,201,23.68,83.33,5.68,80.8,grapes
21,116,201,19.54,83.8,6.88,63.31,grapes
24,110,204,19.37,79.93,5.56,75.46,grapes
29,132,191,31.75,79.55,5.14,73.27,grapes
16,143,196,26.82,86.0,5.52,65.07,grapes
22,150,193,20.83,83.23,5.77,70.82,grapes
13,158,186,22.19,81.7,6.77,59.0,grapes
34,141,204,18.88,83.51,5.71,79.73,grapes
17,130,194,18.86,84.02,6.21,79.27,grapes
12,144,225,21.54,87.49,5.89,58.62,grapes
21,144,191,20.8,83.58,6.0,74.28,grapes
24,137,195,24.96,79.02,6.52,64.53,grapes
29,129,202,21.33,78.75,5.3,61.16,grapes
21,134,210,21.57,79.15,5.42,73.44,grapes
31,147,207,26.99,86.89,6.13,74.77,grapes
21,115,193,23.75,81.98,6.77,70.25,grapes
30,126,196,17.15,79.57,6.21,69.66,grapes
28,134,196,34.54,81.52,6.47,66.39,grapes
27,143,202,12.03,81.85,6.49,73.82,grapes
25,111,192,25.86,83.03,6.49,68.44,grapes
25,132,190,12.52,83.09,6.07,64.65,grapes
13,139,197,26.58,87.39,5.14,64.0,grapes
21,149,183,33.48,82.21,5.96,68.02,grapes
20,144,189,25.53,80.65,5.7,90.29,grapes
25,139,211,16.69,87.06,5.0,63.45,grapes
20,138,202,22.97,81.76,5.61,57.62,grapes
27,140,215,19.85,83.88,5.89,79.12,grapes
29,134,196,28.6,83.74,5.73,58.98,grapes
21,150,211,18.24,78.3,6.51,60.51,grapes
26,124,216,19.95,85.23,6.07,71.62,grapes
11,105,197,25.03,78.42,5.56,74.09,grapes
26,130,207,17.93,80.73,6.66,70.15,grapes
23,159,186,27.78,86.79,5.87,76.48,grapes
17,123,203,27.79,85.16,6.63,69.06,grapes
30,127,209,24.84,83.14,6.17,56.76,grapes
16,133,183,27.96,84.41,6.13,60.63,grapes
31,156,201,26.35,82.41,6.21,68.64,grapes
22,142,223,16.8,81.49,5.53,82.34,grapes
19,114,206,32.52,83.79,6.08,72.87,grapes
31,121,198,21.54,78.3,5.87,78.46,grapes
26,139,201,26.42,79.4,5.88,71.14,grapes
24,135,198,21.91,91.27,6.36,72.91,grapes
21,126,198,25.26,76.16,5.37,64.5,grapes
24,129,214,16.39,79.55,6.61,70.65,grapes
28,156,193,23.3,80.98,5.22,67.12,grapes
28,138,206,21.92,79.83,6.51,65.62,grapes
24,133,214,28.66,77.91,5.52,74.23,grapes
22,126,210,24.74,81.96,6.31,66.6,grapes
32,122,206,30.97,77.67,5.86,78.74,grapes
29,129,192,28.58,85.35,5.53,59.97,grapes
24,139,197,27.2,79.67,5.15,66.21,grapes
23,128,188,14.72,80.26,6.36,79.65,grapes
30,122,188,26.28,83.71,6.16,53.49,grapes
17,131,204,27.64,82.23,6.13,70.28,grapes
27,135,200,22.46,82.04,6.19,71.74,grapes
25,148,202,20.56,84.45,5.45,60.95,grapes
25,138,187,21.89,79.98,5.81,77.15,grapes
27,131,194,17.05,86.06,6.24,63.95,grapes
27,131,197,25.98,79.58,5.86,70.57,grapes
20,140,218,20.03,76.8,5.2,68.4,grapes
19,134,201,15.78,76.36,6.12,70.68,grapes
20,112,204,30.16,82.63,5.66,69.96,grapes
14,144,200,14.96,80.9,6.19,66.94,grapes
21,117,205,20.56,75.33,5.85,77.45,grapes
20,152,204,25.49,81.41,5.97,67.49,grapes
21,138,190,18.42,78.43,6.82,73.84,grapes
24,119,206,23.22,82.44,5.61,70.88,grapes
20,122,207,16.11,83.49,6.27,62.56,grapes
18,129,202,23.04,83.1,6.71,65.54,grapes
12,141,216,25.76,78.54,5.95,60.65,grapes
26,115,196,18.78,82.18,5.85,71.01,grapes
23,120,206,23.56,78.83,6.9,73.41,grapes
22,148,218,23.07,82.84,5.6,68.42,grapes
21,134,203,26.6,82.51,5.52,62.09,grapes
19,128,210,17.99,80.73,6.38,67.2,grapes
25,130,202,22.66,83.8,5.38,66.69,grapes
24,138,214,21.84,86.24,5.74,80.23,grapes
27,121,203,23.54,83.68,5.91,67.14,grapes
31,130,208,22.67,86.8,5.73,64.69,grapes
32,126,216,28.26,81.34,5.27,69.45,grapes
23,146,215,20.38,84.2,6.31,78.19,grapes
25,108,198,18.02,81.19,6.39,72.04,grapes
29,136,187,11.2,82.25,5.91,61.78,grapes
12,123,198,27.13,82.37,6.64,61.32,grapes
28,132,206,21.62,85.02,6.12,64.16,grapes
22,129,204,17.9,81.71,6.16,69.86,grapes
31,141,199,24.88,82.69,6.16,54.99,grapes
21,114,212,23.5,81.22,6.36,72.98,grapes
16,131,196,15.08,79.73,5.93,68.68,grapes
14,145,198,23.99,83.0,5.68,73.25,grapes
20,121,205,31.26,83.97,6.37,65.43,grapes
13,149,220,31.51,80.79,5.54,61.07,grapes
12,130,216,23.09,82.71,6.55,66.37,grapes
35,155,198,20.91,83.89,5.86,60.35,grapes
30,146,201,17.49,78.11,6.04,65.6,grapes
94,21,53,28.26,82.13,6.26,55.25,watermelon
104,23,52,29.2,86.72,6.82,48.76,watermelon
99,20,58,26.96,84.85,6.95,37.55,watermelon
81,19,50,26.71,85.29,6.63,45.81,watermelon
105,20,56,29.53,85.83,6.51,41.56,watermelon
92,16,55,24.28,87.49,6.4,49.64,watermelon
101,15,47,22.09,84.36,6.21,47.6,watermelon
104,19,51,27.49,86.83,6.28,47.92,watermelon
102,19,56,27.88,83.48,6.36,54.73,watermelon
111,20,49,22.99,82.1,6.51,52.75,watermelon
85,17,53,23.2,88.41,6.25,58.25,watermelon
92,12,47,25.31,83.93,6.31,52.7,watermelon
96,16,41,26.28,84.83,7.04,45.06,watermelon
77,19,51,23.48,80.51,7.01,59.18,watermelon
69,15,58,24.55,83.63,6.29,43.97,watermelon
78,21,40,25.99,87.76,5.82,45.15,watermelon
113,19,46,27.9,88.72,6.51,45.3,watermelon
94,18,49,27.38,80.51,5.8,51.79,watermelon
93,14,41,25.54,84.94,6.66,51.11,watermelon
97,21,43,26.57,80.09,6.06,43.42,watermelon
108,16,49,23.29,84.2,6.09,53.0,watermelon
87,22,41,23.89,90.13,6.23,42.81,watermelon
101,15,45,23.31,93.41,6.3,39.15,watermelon
116,19,46,23.63,87.12,6.3,39.14,watermelon
120,15,57,28.06,82.1,6.81,46.79,watermelon
76,15,51,24.57,84.18,6.86,51.34,watermelon
88,19,50,20.46,86.39,6.56,50.82,watermelon
109,14,51,22.37,86.32,7.18,44.73,watermelon
89,14,50,23.37,86.36,6.74,53.91,watermelon
77,20,54,27.16,86.22,6.49,56.89,watermelon
122,13,55,25.33,84.71,5.79,48.99,watermelon
87,15,44,24.6,83.88,6.44,41.01,watermelon
81,18,46,27.65,85.78,6.64,59.16,watermelon
95,14,54,26.52,84.54,6.96,49.43,watermelon
99,17,45,25.66,89.29,6.58,50.89,watermelon
97,18,53,26.72,84.1,6.53,53.58,watermelon
86,17,39,26.47,87.08,6.7,48.33,watermelon
102,22,57,25.44,85.52,6.84,41.7,watermelon
95,22,54,26.24,80.58,6.38,47.16,watermelon
102,13,44,21.37,88.77,6.24,51.64,watermelon
98,12,43,23.49,82.93,6.55,45.93,watermelon
119,21,54,25.26,89.64,6.31,50.51,watermelon
101,19,53,24.55,83.5,6.66,54.99,watermelon
94,10,48,26.75,90.52,5.92,48.14,watermelon
94,22,49,23.69,86.78,6.24,43.35,watermelon
88,23,51,25.72,84.35,6.52,52.38,watermelon
102,17,54,25.55,82.17,6.16,38.83,watermelon
123,20,45,24.94,83.19,7.02,42.18,watermelon
100,16,54,25.29,79.83,6.3,44.87,watermelon
99,22,41,23.9,83.44,6.25,55.14,watermelon
96,18,46,25.96,87.43,6.11,55.39,watermelon
99,21,48,26.26,84.98,6.36,52.25,watermelon
105,12,57,21.78,83.05,6.36,53.17,watermelon
117,9,47,21.25,85.19,6.51,60.24,watermelon
100,21,52,24.63,80.87,6.51,41.75,watermelon
114,16,55,24.54,85.91,6.48,50.43,watermelon
93,18,45,23.08,88.83,6.69,51.1,watermelon
118,15,56,25.85,82.03,7.14,56.64,watermelon
97,19,47,27.16,77.93,5.99,56.58,watermelon
96,17,43,29.2,88.67,6.32,48.27,watermelon
111,24,54,29.84,82.33,6.07,43.57,watermelon
104,17,49,27.12,88.8,5.79,47.12,watermelon
108,15,46,27.54,81.23,6.28,52.67,watermelon
92,20,47,28.32,84.72,6.67,55.18,watermelon
91,8,51,25.64,86.77,6.31,48.12,watermelon
123,11,53,24.35,84.09,6.27,45.88,watermelon
105,22,52,25.71,82.14,6.61,63.64,watermelon
94,15,47,24.52,76.86,6.56,45.63,watermelon
79,20,44,24.82,89.5,5.84,41.5,watermelon
102,21,42,26.32,86.84,5.58,55.49,watermelon
109,15,56,27.77,85.41,6.22,44.86,watermelon
98,19,48,21.1,88.91,6.48,48.42,watermelon
109,23,35,26.37,80.82,6.6,51.47,watermelon
106,15,40,24.6,86.32,6.81,43.67,watermelon
111,14,51,24.48,85.65,6.76,43.34,watermelon
90,17,62,23.77,91.22,7.2,50.12,watermelon
95,14,49,22.69,84.87,7.0,47.03,watermelon
96,10,51,26.03,85.29,6.31,48.94,watermelon
105,16,51,25.93,88.47,6.67,51.86,watermelon
117,18,56,26.71,79.57,6.92,51.51,watermelon
98,18,48,25.95,83.32,6.91,50.02,watermelon
94,13,51,25.87,86.27,5.99,41.09,watermelon
106,22,44,28.68,85.95,6.4,48.31,watermelon
82,20,46,23.94,88.08,5.65,41.56,watermelon
98,18,52,24.9,92.69,6.31,49.32,watermelon
89,17,53,27.91,80.63,6.3,53.38,watermelon
106,17,52,23.88,89.77,6.8,42.63,watermelon
86,12,53,22.93,84.11,6.58,50.3,watermelon
102,12,52,24.27,84.13,6.5,51.32,watermelon
99,13,48,25.5,80.97,6.21,53.03,watermelon
83,21,56,23.01,89.17,6.34,53.21,watermelon
93,20,52,23.87,81.6,5.82,51.83,watermelon
105,19,49,23.19,83.05,6.86,47.79,watermelon
100,12,51,24.58,88.24,6.71,47.73,watermelon
97,14,42,23.79,85.69,6.53,51.59,watermelon
95,20,50,26.91,79.78,4.83,52.4,watermelon
81,16,48,28.67,86.3,6.47,55.72,watermelon
103,15,55,23.28,86.07,5.78,51.92,watermelon
101,23,42,24.3,87.57,6.53,51.78,watermelon
87,14,56,25.4,86.23,6.35,43.6,watermelon
111,19,61,26.57,94.36,5.78,25.23,muskmelon
111,8,48,27.47,90.55,6.45,29.08,muskmelon
98,17,50,28.6,89.58,6.74,25.78,muskmelon
104,13,47,28.25,88.46,5.62,22.2,muskmelon
106,14,44,26.97,91.16,6.16,33.26,muskmelon
112,21,55,26.6,89.24,5.86,29.94,muskmelon
93,11,47,28.12,92.97,6.4,21.29,muskmelon
108,14,49,29.97,90.7,6.07,26.97,muskmelon
89,15,52,32.71,93.81,6.49,26.72,muskmelon
87,17,49,29.24,92.59,6.45,23.35,muskmelon
100,12,48,31.38,93.1,6.29,32.18,muskmelon
83,12,58,28.69,91.69,5.82,26.39,muskmelon
106,12,49,27.93,92.94,5.85,29.61,muskmelon
110,15,48,28.33,90.35,6.12,23.52,muskmelon
119,20,54,29.34,89.51,6.28,28.48,muskmelon
84,19,61,30.72,95.84,6.39,28.47,muskmelon
91,20,53,29.18,95.59,6.08,23.85,muskmelon
101,12,51,25.16,94.92,6.32,22.52,muskmelon
89,16,53,29.7,90.54,5.96,27.23,muskmelon
91,17,50,29.22,94.45,5.79,16.96,muskmelon
93,24,60,32.26,91.82,5.59,15.23,muskmelon
92,16,56,30.34,92.87,5.94,20.76,muskmelon
103,19,51,26.53,93.93,6.47,20.32,muskmelon
90,19,48,31.78,93.55,6.11,24.56,muskmelon
100,14,45,30.0,94.41,6.54,30.66,muskmelon
93,23,45,26.57,87.9,6.12,22.59,muskmelon
106,17,44,27.81,91.37,5.59,20.68,muskmelon
90,22,50,29.92,88.55,6.78,29.8,muskmelon
76,14,52,29.89,90.6,6.18,22.21,muskmelon
101,21,46,30.6,90.35,5.96,27.87,muskmelon
111,20,43,27.67,94.36,6.32,20.31,muskmelon
105,14,58,31.69,93.81,6.84,24.86,muskmelon
109,22,51,28.09,88.04,6.27,27.89,muskmelon
111,19,47,24.65,91.06,6.18,23.35,muskmelon
107,24,50,28.17,91.65,6.35,21.29,muskmelon
101,18,51,29.52,93.38,5.59,27.15,muskmelon
91,12,44,29.47,91.74,5.63,26.51,muskmelon
82,17,51,30.37,96.75,5.75,24.39,muskmelon
96,18,51,27.89,91.2,5.85,28.55,muskmelon
105,20,48,27.29,89.6,6.44,20.44,muskmelon
122,11,51,31.73,93.8,6.37,20.73,muskmelon
83,20,57,27.72,89.45,5.32,20.68,muskmelon
98,23,53,29.21,91.3,6.07,30.22,muskmelon
102,8,46,26.88,90.93,6.53,24.17,muskmelon
99,22,46,32.33,90.62,6.34,23.48,muskmelon
101,18,52,27.09,89.49,7.3,22.66,muskmelon
108,10,48,28.35,93.48,5.21,25.26,muskmelon
86,18,44,26.89,91.62,5.88,22.7,muskmelon
85,9,55,26.01,91.85,6.6,22.14,muskmelon
90,17,55,26.26,91.92,5.61,23.03,muskmelon
100,13,47,25.78,92.49,6.72,20.21,muskmelon
92,19,56,25.61,91.88,6.41,24.19,muskmelon
70,19,57,28.83,89.72,6.09,31.68,muskmelon
110,19,51,27.28,91.8,6.27,26.8,muskmelon
118,21,42,29.05,94.14,6.55,22.08,muskmelon
134,11,44,29.07,97.59,5.97,23.54,muskmelon
112,16,48,29.73,92.98,6.71,29.77,muskmelon
103,18,51,29.58,92.44,6.3,29.39,muskmelon
118,10,50,27.22,91.52,6.46,27.28,muskmelon
98,9,45,30.39,85.45,6.77,26.68,muskmelon
115,16,39,29.46,95.49,6.67,21.95,muskmelon
101,14,45,30.51,89.31,5.94,20.18,muskmelon
82,17,55,28.23,88.54,6.64,31.34,muskmelon
92,15,52,31.84,91.0,5.77,27.13,muskmelon
109,17,47,30.59,93.62,5.99,24.8,muskmelon
83,19,48,27.73,92.22,6.32,28.18,muskmelon
107,16,53,29.4,91.23,6.25,24.01,muskmelon
106,15,48,32.54,94.65,6.0,26.88,muskmelon
101,18,50,30.98,93.16,6.28,28.77,muskmelon
102,17,51,28.41,92.32,6.07,21.6,muskmelon
88,11,45,28.25,92.56,6.19,15.18,muskmelon
118,21,52,32.41,89.86,7.06,20.74,muskmelon
102,11,50,29.37,91.91,6.59,25.0,muskmelon
93,14,54,27.29,94.59,6.79,17.93,muskmelon
113,25,51,29.8,94.89,6.19,25.33,muskmelon
84,17,52,29.63,94.96,5.99,22.47,muskmelon
122,16,51,28.47,90.25,6.95,22.49,muskmelon
86,15,39,27.3,89.88,6.55,21.91,muskmelon
110,22,53,28.17,92.65,5.69,24.06,muskmelon
89,19,62,29.6,87.32,6.16,25.09,muskmelon
101,14,51,26.11,89.94,6.56,20.54,muskmelon
106,11,58,27.05,91.74,6.43,22.34,muskmelon
101,19,54,30.18,91.87,6.24,34.0,muskmelon
111,13,50,27.93,91.96,5.81,22.95,muskmelon
121,19,37,31.03,95.02,6.16,27.47,muskmelon
89,15,57,28.06,87.63,6.27,24.29,muskmelon
114,17,47,30.69,92.6,6.0,29.22,muskmelon
102,17,50,26.46,90.98,6.3,23.82,muskmelon
115,17,54,28.62,94.94,6.46,24.65,muskmelon
99,13,52,28.52,91.05,6.74,19.6,muskmelon
94,21,51,28.5,92.93,6.37,18.53,muskmelon
95,23,46,27.96,90.95,6.27,22.27,muskmelon
105,17,53,26.5,91.45,6.21,26.42,muskmelon
90,20,55,26.62,91.07,6.09,35.13,muskmelon
94,23,43,26.62,90.58,5.96,23.53,muskmelon
91,13,55,31.05,94.67,6.51,24.97,muskmelon
94,13,51,26.25,89.82,6.76,32.2,muskmelon
104,21,48,25.92,93.83,6.53,24.89,muskmelon
97,20,45,27.05,89.78,6.33,20.25,muskmelon
91,14,48,25.63,92.52,6.8,25.14,muskmelon
29,147,206,22.79,92.36,6.21,108.68,apple
8,138,187,20.19,92.3,5.86,98.48,apple
20,143,187,25.78,88.4,6.75,108.49,apple
20,115,198,23.17,92.08,5.67,103.13,apple
26,134,214,21.28,91.21,6.23,96.37,apple
12,144,187,18.05,96.97,5.34,114.44,apple
20,105,196,23.72,93.19,6.26,108.73,apple
24,127,184,19.36,88.64,6.3,97.45,apple
21,131,197,26.01,91.2,6.14,112.98,apple
19,156,184,25.82,93.94,5.71,128.89,apple
8,128,186,23.63,89.52,6.07,110.74,apple
17,137,196,19.88,99.3,5.71,90.42,apple
14,121,207,23.4,93.3,5.75,109.81,apple
17,133,207,23.44,93.55,6.1,121.44,apple
21,137,210,20.94,90.16,5.43,114.43,apple
8,138,197,25.44,90.62,5.82,123.82,apple
28,127,200,23.34,93.23,5.79,125.41,apple
8,129,203,23.74,95.68,6.38,109.74,apple
27,126,208,27.13,95.34,5.94,109.28,apple
10,137,187,20.62,89.32,5.72,112.32,apple
21,127,209,22.08,90.33,5.99,132.24,apple
22,130,183,22.05,92.89,5.74,95.95,apple
14,148,213,20.38,93.98,5.43,126.64,apple
21,143,181,24.29,92.28,6.24,121.75,apple
20,127,206,22.45,90.12,5.53,97.83,apple
16,145,200,21.28,94.31,5.57,113.55,apple
18,141,183,20.47,88.2,5.8,124.71,apple
16,128,207,25.27,92.08,6.17,101.83,apple
28,155,204,17.39,90.9,6.15,108.39,apple
27,139,191,22.68,90.07,5.83,107.05,apple
27,155,184,17.79,91.69,5.29,113.06,apple
24,148,201,22.12,87.35,5.91,113.31,apple
23,126,194,18.9,86.57,5.46,96.9,apple
22,128,193,20.14,84.22,6.5,102.6,apple
17,119,208,22.96,90.23,5.74,129.38,apple
19,132,189,17.86,91.9,6.03,123.6,apple
6,122,193,22.59,91.94,5.85,116.68,apple
14,143,203,21.8,96.3,6.52,121.93,apple
1,149,206,27.62,95.39,6.53,121.39,apple
28,153,201,18.67,91.53,6.06,113.35,apple
12,117,191,24.62,96.25,6.27,123.17,apple
19,116,194,21.95,91.06,5.92,117.01,apple
25,131,179,21.39,92.41,6.39,106.92,apple
23,136,199,24.93,90.65,5.67,112.48,apple
16,139,191,23.17,92.05,5.99,108.0,apple
17,134,201,22.59,96.56,5.5,111.96,apple
10,137,187,21.9,91.37,6.01,107.07,apple
16,148,201,21.2,91.67,6.56,110.25,apple
15,127,193,21.11,89.1,5.45,104.31,apple
23,130,196,25.78,95.54,5.79,106.29,apple
14,140,196,21.63,90.27,5.59,115.8,apple
12,143,193,22.23,88.96,5.9,109.32,apple
19,148,200,20.61,90.52,6.14,125.59,apple
21,140,205,26.15,87.43,6.17,122.44,apple
11,125,190,20.78,91.1,6.0,121.26,apple
26,125,190,25.89,93.92,5.93,117.33,apple
19,139,195,23.27,88.52,5.62,105.83,apple
17,124,193,18.81,93.67,5.87,95.55,apple
14,137,193,20.86,92.11,6.04,98.24,apple
23,125,198,22.51,90.98,5.49,109.74,apple
29,120,215,21.95,92.39,5.47,104.89,apple
16,123,196,21.58,96.93,5.43,113.63,apple
21,123,205,21.6,86.07,6.16,101.43,apple
13,140,195,24.89,95.33,5.64,120.53,apple
15,156,192,25.17,94.41,6.03,105.89,apple
19,112,201,23.47,92.63,4.71,99.94,apple
15,136,201,22.17,93.89,5.49,118.7,apple
22,137,197,27.18,93.53,5.51,115.08,apple
24,128,209,23.56,86.44,6.02,108.54,apple
23,143,200,26.76,91.85,6.15,120.65,apple
19,141,193,21.54,89.02,6.0,115.85,apple
27,141,196,19.65,93.38,6.34,120.15,apple
26,131,194,20.76,92.16,5.87,114.67,apple
19,132,191,24.95,92.49,5.83,105.13,apple
12,147,204,18.54,94.21,6.27,113.84,apple
29,136,184,23.51,92.91,5.66,118.34,apple
9,143,190,20.14,92.02,6.07,114.24,apple
15,128,187,22.04,94.99,5.9,121.19,apple
28,128,197,28.03,95.91,5.23,116.47,apple
20,142,191,20.5,90.61,5.67,120.75,apple
12,127,181,25.12,95.48,5.77,109.62,apple
22,148,203,20.86,88.25,5.45,113.33,apple
16,135,193,19.95,89.36,6.52,121.49,apple
30,139,194,25.91,92.22,5.99,112.17,apple
2,150,203,23.42,92.15,5.97,106.63,apple
23,120,200,24.0,91.8,6.05,102.69,apple
14,136,205,17.91,93.61,5.68,110.67,apple
11,125,208,22.68,91.34,5.85,117.49,apple
22,133,209,25.03,93.33,5.92,119.17,apple
21,144,207,20.05,89.59,5.62,122.36,apple
10,137,202,25.51,92.75,5.36,103.01,apple
12,128,197,19.69,95.98,5.37,126.06,apple
27,142,192,23.46,89.11,6.26,111.86,apple
17,121,174,20.0,95.08,5.74,110.91,apple
23,152,212,20.17,87.44,6.84,135.29,apple
21,121,208,22.33,92.02,6.26,115.94,apple
12,130,205,23.88,92.96,6.27,108.98,apple
21,100,194,24.51,91.32,5.71,102.19,apple
26,139,207,18.28,91.9,5.79,109.79,apple
16,130,207,17.82,96.74,6.09,112.18,apple
24,10,8,22.09,95.51,6.98,114.9,orange
15,17,15,27.68,91.9,7.34,116.18,orange
22,20,13,22.06,93.7,6.81,101.17,orange
17,15,5,27.0,85.18,8.36,125.42,orange
17,16,10,19.75,92.58,6.93,109.46,orange
20,10,10,23.52,92.42,6.89,121.78,orange
16,16,13,22.3,92.64,6.95,122.77,orange
17,21,9,18.4,93.8,6.85,116.61,orange
2,16,8,17.38,90.72,6.71,109.92,orange
10,17,14,24.1,94.12,7.55,122.76,orange
30,14,7,26.62,93.87,7.39,129.29,orange
19,17,7,33.38,91.26,6.85,106.93,orange
15,13,8,15.87,90.14,7.97,117.76,orange
24,20,15,13.84,89.03,6.6,105.7,orange
17,14,10,22.88,90.29,5.91,100.47,orange
15,15,6,20.25,89.27,6.94,99.67,orange
13,10,9,18.37,94.37,7.2,109.7,orange
14,17,12,23.41,96.11,7.23,119.54,orange
19,18,7,20.41,92.97,7.17,115.48,orange
25,10,7,23.85,90.29,8.69,115.56,orange
18,13,8,22.85,92.38,6.77,107.67,orange
27,21,10,15.99,93.45,7.78,124.1,orange
23,21,10,25.84,90.4,7.15,123.7,orange
15,12,10,21.57,93.72,6.77,127.58,orange
11,21,7,13.72,92.69,6.87,99.3,orange
8,15,12,25.62,92.24,7.24,110.13,orange
10,10,9,21.9,94.23,7.38,116.45,orange
17,10,11,25.33,86.13,6.58,103.49,orange
19,12,9,21.65,91.7,6.64,104.01,orange
12,17,11,18.85,95.9,6.84,125.7,orange
15,7,11,23.94,92.19,6.68,110.05,orange
15,14,12,23.62,93.62,6.88,106.98,orange
12,14,0,19.75,91.9,7.28,107.71,orange
21,7,9,14.3,89.08,6.91,123.16,orange
21,16,9,19.13,90.74,7.21,96.55,orange
22,14,12,27.51,87.92,6.71,101.84,orange
8,11,17,25.75,96.89,7.41,102.98,orange
16,18,11,19.81,88.33,8.64,108.99,orange
17,16,9,23.31,95.32,6.94,98.77,orange
18,14,14,28.56,92.37,6.36,98.14,orange
19,17,8,20.3,90.62,6.99,86.57,orange
12,13,13,18.63,92.55,7.11,123.38,orange
26,15,8,19.38,91.5,6.78,115.94,orange
21,18,13,32.01,92.41,7.55,106.88,orange
26,20,13,23.17,90.43,6.3,110.0,orange
28,14,12,26.92,91.39,7.66,81.31,orange
11,12,7,24.38,92.83,7.2,116.36,orange
13,11,11,19.55,88.17,7.49,124.35,orange
28,16,11,29.55,90.5,7.56,113.15,orange
24,16,13,23.82,88.39,7.73,100.92,orange
26,15,13,28.37,93.18,7.25,114.63,orange
6,16,6,23.56,89.24,6.41,126.45,orange
25,15,10,21.46,93.52,6.66,120.34,orange
17,14,10,19.74,92.92,6.73,115.09,orange
26,13,9,25.01,91.01,7.23,115.95,orange
25,13,7,21.16,89.68,7.28,98.78,orange
32,21,10,27.04,88.01,8.26,104.5,orange
18,8,11,17.17,92.35,6.73,99.62,orange
14,16,6,18.96,93.76,8.3,115.18,orange
13,14,10,20.95,94.36,7.11,119.48,orange
17,21,9,17.84,97.54,6.09,103.01,orange
15,26,15,30.17,91.27,8.21,114.08,orange
24,16,9,21.44,91.58,7.3,114.07,orange
18,22,1,25.25,93.89,7.57,109.75,orange
20,19,14,21.2,92.77,7.84,89.16,orange
14,21,13,25.31,90.98,6.56,104.49,orange
28,13,10,18.93,94.21,6.73,109.42,orange
8,9,10,16.07,97.36,5.97,102.4,orange
19,14,6,17.91,89.62,6.86,129.92,orange
19,20,11,28.27,85.1,6.85,123.47,orange
15,23,14,20.35,90.84,6.49,104.1,orange
11,17,5,25.72,93.67,6.17,125.9,orange
22,18,7,25.81,94.92,6.95,130.42,orange
19,20,10,25.63,87.92,7.19,103.05,orange
13,22,9,17.68,91.2,6.35,124.74,orange
14,18,14,20.2,93.43,6.48,134.86,orange
24,15,7,22.13,91.25,7.98,98.14,orange
19,15,9,22.16,91.81,7.44,116.49,orange
21,3,10,14.42,93.72,7.74,101.14,orange
17,13,13,23.18,96.42,7.21,112.82,orange
19,19,4,23.13,91.92,7.36,108.52,orange
12,16,6,13.07,93.92,7.29,115.07,orange
26,13,5,22.35,91.23,6.58,109.6,orange
15,8,8,17.02,92.68,6.67,121.52,orange
28,18,5,30.23,96.04,7.01,123.63,orange
15,8,7,31.35,88.37,7.0,110.74,orange
15,14,10,19.89,88.54,7.11,121.13,orange
24,12,6,21.28,96.02,7.32,117.44,orange
24,17,10,26.01,90.73,6.29,117.63,orange
26,11,12,31.1,92.09,6.59,111.63,orange
15,13,11,14.68,88.49,7.01,110.18,orange
21,23,10,25.69,89.66,7.38,105.14,orange
19,15,13,16.15,86.39,6.89,115.09,orange
19,20,11,19.88,86.29,6.88,120.68,orange
16,16,11,17.62,93.66,7.82,108.67,orange
12,15,3,24.38,93.23,7.84,108.46,orange
21,12,8,15.07,91.61,6.85,113.39,orange
15,16,8,21.04,92.3,7.02,118.01,orange
18,14,9,19.13,91.2,8.02,101.27,orange
17,14,9,21.04,92.8,6.14,120.77,orange
55,49,36,29.79,91.79,7.73,156.18,papaya
30,53,49,34.71,89.11,6.65,124.66,papaya
37,61,54,37.06,93.84,6.5,160.46,papaya
52,60,46,31.71,92.58,7.68,150.13,papaya
42,52,47,42.41,91.4,7.06,133.2,papaya
51,65,46,31.14,96.55,7.09,162.37,papaya
56,62,62,33.88,93.84,6.12,121.98,papaya
36,69,34,32.09,84.92,6.37,130.33,papaya
62,62,45,37.96,92.44,6.72,112.53,papaya
39,52,50,34.01,96.26,6.85,74.91,papaya
51,47,44,30.45,90.74,6.15,147.69,papaya
34,61,63,28.38,91.69,5.69,135.08,papaya
55,64,50,37.26,98.77,7.38,129.54,papaya
34,55,44,35.51,89.45,6.67,163.55,papaya
47,51,57,26.18,91.58,6.68,143.0,papaya
50,63,49,32.23,91.38,6.46,162.29,papaya
42,65,50,31.61,93.95,6.41,158.55,papaya
51,54,53,35.89,95.29,7.09,154.88,papaya
37,78,41,37.5,93.48,6.23,139.49,papaya
48,69,45,32.65,86.56,7.39,115.84,papaya
52,58,49,36.94,96.58,6.8,158.98,papaya
52,67,47,38.0,95.18,7.13,126.1,papaya
47,60,41,40.08,92.37,6.81,128.17,papaya
35,54,51,36.39,92.8,6.84,134.17,papaya
53,70,54,36.94,93.14,6.1,116.48,papaya
53,58,52,40.41,94.22,7.2,144.97,papaya
40,58,45,39.93,94.38,6.91,173.5,papaya
28,63,42,33.67,91.62,6.96,148.3,papaya
62,54,54,34.35,88.31,6.33,138.85,papaya
60,62,42,33.14,97.44,6.74,134.42,papaya
53,65,47,35.71,91.58,6.99,146.84,papaya
53,52,45,37.48,92.2,6.81,134.94,papaya
57,54,49,36.84,95.33,6.49,191.59,papaya
52,50,52,32.17,93.49,6.68,144.46,papaya
39,66,43,29.26,93.32,7.34,133.79,papaya
56,67,54,32.46,89.67,5.82,136.03,papaya
60,50,54,29.9,92.67,6.98,126.11,papaya
50,55,54,34.64,92.54,7.32,159.16,papaya
42,58,49,34.02,98.71,6.85,91.7,papaya
43,43,48,25.75,90.22,6.09,152.2,papaya
49,61,49,28.12,93.68,7.47,152.83,papaya
44,47,44,35.51,95.08,6.8,162.6,papaya
56,63,46,34.4,90.28,6.71,150.87,papaya
65,48,52,39.62,94.3,7.03,157.29,papaya
61,50,41,33.67,87.0,7.19,173.12,papaya
44,56,49,33.91,92.72,6.92,138.28,papaya
58,62,46,39.04,89.0,6.66,166.77,papaya
41,61,53,30.26,92.22,6.64,128.81,papaya
72,52,56,32.13,89.68,6.74,158.83,papaya
58,71,67,34.7,90.74,6.88,135.94,papaya
58,48,64,37.12,88.19,6.42,163.0,papaya
60,48,54,25.91,92.18,7.14,128.81,papaya
33,60,46,36.22,90.19,6.39,92.07,papaya
50,57,42,34.48,94.97,6.61,149.3,papaya
51,49,62,31.82,94.04,7.01,139.11,papaya
55,60,41,32.37,90.87,6.52,110.0,papaya
60,71,55,38.78,91.54,6.45,123.14,papaya
55,60,49,38.88,93.41,6.36,125.58,papaya
55,67,53,41.29,96.49,6.88,121.64,papaya
35,55,54,41.01,93.44,7.17,136.47,papaya
55,65,38,32.05,94.77,6.81,112.69,papaya
24,56,49,30.16,92.76,6.9,159.37,papaya
25,48,48,35.99,93.62,6.89,133.01,papaya
45,53,54,30.02,94.53,6.78,141.47,papaya
42,48,46,32.38,86.48,6.62,165.71,papaya
54,55,50,31.48,92.77,7.32,166.81,papaya
54,55,54,26.95,91.77,6.93,161.11,papaya
55,61,48,35.85,90.02,6.36,144.14,papaya
50,44,52,36.79,92.21,7.65,125.53,papaya
45,55,49,32.39,88.88,6.48,140.16,papaya
61,76,58,30.6,90.66,6.64,187.21,papaya
47,48,46,36.73,94.12,6.62,159.69,papaya
26,59,55,30.37,90.31,5.95,182.35,papaya
41,60,53,39.75,92.02,6.48,146.93,papaya
61,57,44,27.54,89.35,7.05,134.58,papaya
42,53,50,32.74,91.72,7.24,181.05,papaya
32,61,45,32.71,93.17,6.61,148.36,papaya
55,61,46,31.18,88.8,6.36,191.65,papaya
41,49,51,33.26,91.91,7.26,156.33,papaya
43,55,46,37.2,91.63,5.98,141.39,papaya
33,76,44,33.05,93.05,6.58,135.35,papaya
53,71,54,39.61,89.78,6.83,146.48,papaya
52,70,48,32.08,93.73,5.99,136.68,papaya
47,51,56,29.45,92.06,6.82,176.44,papaya
48,66,54,34.19,89.68,6.13,145.26,papaya
43,66,54,32.96,89.51,6.9,117.15,papaya
41,51,49,38.38,92.39,6.52,104.46,papaya
54,52,50,32.28,94.5,6.64,141.13,papaya
53,75,55,33.35,92.41,6.49,118.85,papaya
43,52,53,29.42,95.73,7.0,143.11,papaya
49,54,51,38.05,90.64,6.09,160.18,papaya
52,50,45,30.26,90.59,6.57,135.94,papaya
42,52,48,34.37,91.61,7.16,155.3,papaya
33,63,53,31.96,88.66,6.7,142.41,papaya
37,47,49,32.77,91.36,6.67,115.03,papaya
44,63,47,27.01,91.22,6.27,149.28,papaya
52,45,54,29.25,96.3,6.68,111.44,papaya
37,61,47,33.31,96.43,6.42,144.1,papaya
63,61,40,35.72,89.49,7.26,122.03,papaya
78,70,45,33.78,94.28,7.01,153.66,papaya
28,15,28,26.71,96.52,6.01,184.34,coconut
25,7,31,27.84,98.14,5.44,222.32,coconut
21,17,38,28.52,95.6,5.97,161.1,coconut
20,13,29,22.73,95.66,5.86,165.51,coconut
22,10,39,27.19,94.51,5.61,176.32,coconut
29,20,34,28.49,94.08,5.46,169.57,coconut
19,20,31,30.62,97.19,5.76,121.75,coconut
29,21,23,30.42,95.56,5.95,224.04,coconut
29,18,32,28.63,94.0,5.88,148.53,coconut
19,14,26,27.67,94.15,6.05,126.93,coconut
20,16,28,27.06,91.63,6.01,195.03,coconut
23,20,31,28.36,95.11,6.11,128.28,coconut
15,22,17,27.12,97.14,5.87,163.45,coconut
21,14,30,26.03,97.02,6.33,171.6,coconut
12,13,29,28.41,92.78,5.67,190.92,coconut
26,13,23,33.97,96.37,5.82,201.67,coconut
20,19,30,27.58,94.57,5.47,233.74,coconut
15,10,28,25.48,94.7,6.11,205.46,coconut
25,14,30,28.22,91.28,6.07,131.88,coconut
33,14,29,25.86,93.54,6.58,203.81,coconut
11,22,35,26.84,95.41,5.9,234.78,coconut
16,16,27,24.53,99.18,5.55,182.2,coconut
10,14,32,25.75,95.97,5.82,210.4,coconut
29,13,30,27.77,96.04,5.9,181.31,coconut
19,16,36,28.69,96.2,6.12,170.99,coconut
22,11,36,21.83,94.63,6.24,134.68,coconut
23,13,28,29.29,95.2,5.29,146.31,coconut
26,17,38,30.77,94.12,6.65,176.33,coconut
15,13,18,30.61,97.99,5.6,168.76,coconut
21,12,21,26.98,94.16,5.78,182.28,coconut
29,14,30,28.85,95.91,5.72,178.49,coconut
24,11,36,30.26,93.35,5.96,194.87,coconut
17,17,30,24.46,95.72,5.57,203.78,coconut
16,15,36,28.39,92.64,5.6,157.62,coconut
23,17,25,25.07,95.36,5.85,240.32,coconut
21,23,24,24.25,92.56,6.26,228.28,coconut
16,14,24,23.78,96.24,5.97,175.91,coconut
12,22,27,28.47,91.89,5.84,184.34,coconut
22,16,32,25.14,95.19,5.93,182.55,coconut
21,10,23,22.97,96.44,6.15,200.91,coconut
22,7,24,27.74,95.07,5.83,186.67,coconut
21,16,26,29.36,93.94,5.5,152.47,coconut
18,19,29,27.03,92.3,6.14,156.04,coconut
20,21,32,24.14,91.26,5.88,139.22,coconut
24,16,30,25.99,98.28,6.75,167.24,coconut
23,16,28,25.74,92.63,5.56,187.76,coconut
17,5,32,27.32,97.49,6.01,131.24,coconut
7,13,26,29.29,94.78,6.24,135.86,coconut
26,18,19,30.05,94.99,6.02,149.65,coconut
28,11,34,29.04,92.85,6.5,182.55,coconut
24,9,40,24.95,96.85,5.6,157.03,coconut
25,20,23,29.58,96.89,5.62,223.56,coconut
12,13,32,25.69,95.33,5.97,169.99,coconut
25,15,31,29.69,96.38,6.14,141.12,coconut
24,12,23,27.26,92.99,6.14,200.04,coconut
9,12,22,26.47,95.71,5.83,157.91,coconut
28,6,36,26.31,94.64,5.74,221.89,coconut
13,16,32,24.18,92.96,5.86,149.0,coconut
16,14,33,26.71,96.96,5.6,138.04,coconut
32,13,23,23.92,96.95,5.8,167.99,coconut
20,20,29,32.09,95.07,6.22,199.76,coconut
20,13,31,28.42,93.65,5.95,212.69,coconut
33,19,39,26.14,96.2,6.3,148.71,coconut
18,22,25,24.72,97.86,6.26,188.56,coconut
20,14,31,30.56,95.28,6.55,148.66,coconut
20,14,24,27.09,95.63,6.06,240.71,coconut
23,20,30,30.76,99.6,6.06,145.82,coconut
17,17,32,28.8,95.72,5.9,156.51,coconut
23,23,35,28.47,96.86,5.79,160.35,coconut
16,15,27,29.82,93.85,5.66,233.88,coconut
18,16,32,25.13,97.27,6.09,222.35,coconut
16,16,30,27.93,91.89,5.93,132.81,coconut
23,7,20,29.04,93.71,5.6,213.73,coconut
22,19,29,32.76,93.59,6.42,173.76,coconut
11,17,31,25.3,92.96,5.89,186.09,coconut
6,20,27,24.74,96.68,5.89,212.08,coconut
23,15,29,28.37,93.97,5.64,193.9,coconut
20,16,35,27.17,94.83,5.72,188.52,coconut
23,19,27,26.48,96.38,5.98,148.41,coconut
28,9,33,24.87,98.57,5.44,210.17,coconut
20,14,30,28.66,92.99,5.66,195.09,coconut
10,13,45,25.46,97.1,5.72,190.87,coconut
24,20,28,31.38,93.62,5.97,182.96,coconut
14,14,30,26.54,99.68,5.65,210.98,coconut
26,15,25,25.86,93.76,5.36,145.5,coconut
12,21,33,28.97,95.98,5.95,219.42,coconut
17,16,33,24.76,100.0,5.91,179.86,coconut
28,19,30,27.66,91.79,5.73,191.12,coconut
23,20,29,24.63,96.91,6.33,202.55,coconut
20,20,47,27.63,92.18,5.72,194.36,coconut
11,16,31,30.47,97.42,6.16,110.72,coconut
26,18,31,23.94,93.25,5.55,115.15,coconut
20,12,43,27.06,97.39,5.43,159.7,coconut
21,12,27,26.96,94.33,6.46,186.95,coconut
23,18,33,27.23,94.16,5.95,210.3,coconut
27,15,33,27.01,94.87,5.76,170.15,coconut
29,16,30,24.51,94.18,5.83,150.73,coconut
21,14,30,27.64,92.89,5.78,177.92,coconut
28,17,26,28.2,98.22,6.18,192.03,coconut
25,21,35,28.53,96.94,5.58,130.53,coconut
119,46,16,25.96,70.49,6.63,74.48,cotton
92,57,13,22.43,84.34,7.22,67.0,cotton
127,48,28,24.91,79.09,6.47,71.37,cotton
104,56,19,25.31,87.37,5.72,95.65,cotton
117,49,15,22.01,82.24,8.09,92.34,cotton
135,44,16,21.95,77.36,5.87,71.6,cotton
108,44,19,24.81,79.73,6.61,56.74,cotton
108,38,20,26.17,84.49,7.28,78.7,cotton
109,40,12,26.38,78.93,6.28,70.38,cotton
103,46,23,23.03,68.54,6.81,78.43,cotton
113,40,19,24.07,79.68,7.11,75.14,cotton
109,57,21,25.97,85.93,7.16,91.44,cotton
93,47,18,28.09,84.44,6.58,84.77,cotton
119,49,14,24.8,78.66,7.04,71.61,cotton
108,55,14,21.46,79.54,6.51,69.68,cotton
118,33,14,29.04,82.1,6.53,85.32,cotton
125,53,18,26.34,69.61,6.37,82.27,cotton
121,38,20,22.34,78.42,7.41,91.21,cotton
102,37,17,23.83,76.51,7.42,84.47,cotton
123,35,23,16.85,83.97,7.37,75.11,cotton
136,45,19,24.75,95.73,7.57,88.71,cotton
103,47,15,25.96,80.5,6.34,81.27,cotton
104,47,15,23.97,83.55,6.87,75.61,cotton
120,51,14,24.55,86.39,7.19,80.99,cotton
126,49,22,18.84,72.03,7.4,62.24,cotton
123,43,15,24.77,80.81,7.96,72.8,cotton
138,48,16,25.9,82.63,6.92,83.5,cotton
108,39,22,23.34,79.4,7.04,83.48,cotton
95,56,19,23.39,81.95,7.02,89.5,cotton
125,51,24,26.11,79.0,6.34,100.31,cotton
113,42,12,24.75,80.54,6.14,85.74,cotton
109,67,16,22.81,75.43,7.54,75.83,cotton
106,51,13,25.46,88.71,7.18,87.95,cotton
130,59,23,25.0,84.32,6.46,89.62,cotton
101,43,6,24.9,76.58,7.46,84.98,cotton
133,37,23,29.16,83.62,7.3,82.34,cotton
109,52,12,22.86,70.94,6.55,88.0,cotton
124,46,19,19.19,77.94,6.56,72.39,cotton
125,39,16,18.68,78.33,6.36,81.25,cotton
102,46,18,28.08,82.29,5.98,65.12,cotton
117,38,7,27.27,83.4,7.16,73.01,cotton
123,40,19,21.6,87.38,6.11,95.09,cotton
117,42,19,25.73,86.63,7.06,69.61,cotton
117,60,24,26.17,83.78,7.25,94.21,cotton
110,35,19,21.86,74.52,6.54,110.12,cotton
119,48,14,19.29,75.7,7.62,84.31,cotton
125,51,16,27.37,76.64,7.6,85.61,cotton
90,40,11,26.81,79.68,5.79,84.81,cotton
108,34,25,24.17,78.33,6.7,62.14,cotton
97,56,17,23.96,69.58,6.24,87.62,cotton
122,60,24,23.32,82.16,6.74,104.96,cotton
134,47,19,27.51,82.7,7.68,53.98,cotton
123,41,26,27.77,79.96,7.67,101.7,cotton
118,65,18,23.36,84.13,6.72,81.32,cotton
138,46,12,24.82,76.32,7.33,88.65,cotton
139,53,23,22.23,83.82,7.88,72.04,cotton
143,41,15,24.64,83.38,7.36,68.76,cotton
123,40,13,21.58,76.05,7.16,94.13,cotton
94,48,14,25.47,76.69,6.37,89.9,cotton
108,43,10,26.27,83.9,6.9,61.97,cotton
135,40,17,29.68,76.28,7.27,87.05,cotton
122,48,20,24.58,79.54,7.66,64.55,cotton
132,52,21,26.69,79.34,5.97,79.43,cotton
102,40,14,22.71,76.82,5.71,88.7,cotton
150,50,18,23.76,77.7,6.95,79.86,cotton
104,59,13,25.7,79.29,7.85,84.39,cotton
111,44,19,21.04,75.97,6.01,69.22,cotton
118,48,11,23.56,82.62,6.82,72.69,cotton
110,41,16,24.33,91.34,6.53,76.48,cotton
116,40,23,17.97,77.14,7.31,76.77,cotton
104,49,22,24.43,75.79,7.13,75.48,cotton
128,57,8,24.18,71.12,8.12,74.68,cotton
128,45,15,21.59,87.73,7.38,103.62,cotton
117,48,17,23.18,74.59,6.94,70.83,cotton
123,47,20,28.09,79.61,7.28,104.92,cotton
136,55,17,24.47,73.21,7.15,83.59,cotton
117,54,14,27.99,84.31,6.86,78.52,cotton
124,58,19,24.26,79.89,7.79,75.87,cotton
116,57,19,26.74,75.24,6.8,98.11,cotton
106,44,20,21.43,77.73,6.96,80.86,cotton
136,58,15,24.18,83.17,7.66,88.92,cotton
121,51,21,21.58,80.76,7.63,77.81,cotton
118,44,9,23.95,81.31,6.64,66.44,cotton
103,52,26,27.36,73.08,7.33,72.34,cotton
108,42,21,26.3,79.31,6.86,85.87,cotton
125,55,13,23.95,74.46,6.87,77.59,cotton
116,39,13,18.66,79.14,6.68,72.19,cotton
136,39,24,27.96,70.05,6.95,75.5,cotton
73,34,22,28.95,84.31,7.06,80.04,cotton
142,63,16,18.9,69.31,7.56,79.74,cotton
119,31,15,23.16,80.84,6.7,67.85,cotton
105,55,19,25.43,75.31,5.42,74.02,cotton
104,48,32,25.64,93.48,7.18,72.74,cotton
122,60,26,22.46,81.07,6.19,90.2,cotton
140,46,16,24.8,81.89,6.94,82.44,cotton
114,53,21,21.44,74.75,6.77,89.14,cotton
119,40,20,23.07,84.2,7.07,76.52,cotton
120,56,16,24.91,79.45,7.11,72.45,cotton
118,54,15,20.58,73.34,6.31,87.44,cotton
95,43,21,24.94,77.87,7.0,81.59,cotton
74,44,52,26.52,92.0,6.5,173.0,jute
58,39,50,23.86,89.2,6.2,153.63,jute
72,45,44,25.8,77.52,6.65,168.32,jute
64,38,45,21.24,87.69,6.56,159.25,jute
89,57,45,25.9,85.03,6.01,164.26,jute
64,55,36,26.59,82.28,6.36,162.96,jute
97,39,39,23.33,78.03,6.68,159.04,jute
63,48,33,23.28,74.9,6.67,193.57,jute
100,40,51,22.89,85.02,6.41,157.28,jute
66,45,42,26.24,74.88,6.3,156.37,jute
76,44,33,25.44,90.91,6.5,166.03,jute
86,41,43,23.46,88.76,6.84,162.3,jute
69,41,47,22.36,76.26,6.48,174.39,jute
73,34,36,24.7,76.46,6.97,193.09,jute
76,47,26,24.06,84.62,6.53,159.95,jute
112,60,41,27.18,68.47,6.38,165.3,jute
74,42,23,25.67,82.32,7.34,158.93,jute
64,24,37,26.7,76.54,7.56,169.57,jute
80,35,40,20.94,83.07,6.99,201.89,jute
62,47,42,25.78,75.27,5.74,181.64,jute
75,41,43,24.81,73.0,5.93,152.12,jute
113,51,40,24.54,78.36,7.17,164.89,jute
86,43,50,26.38,85.83,6.47,195.86,jute
73,46,48,22.81,80.62,6.88,185.1,jute
71,62,31,27.82,85.68,7.46,142.94,jute
64,57,27,21.69,77.16,6.78,206.54,jute
75,41,40,25.84,81.81,6.63,135.6,jute
64,57,40,24.25,85.19,6.25,170.19,jute
80,42,39,24.52,72.6,6.77,148.13,jute
80,56,37,22.56,78.97,6.37,186.59,jute
75,59,45,24.59,83.18,6.54,175.38,jute
72,52,47,26.5,84.21,7.07,185.73,jute
60,59,49,24.43,77.75,6.94,185.72,jute
74,35,40,26.0,83.23,6.84,169.28,jute
92,46,36,24.54,70.87,6.63,188.47,jute
83,58,37,25.87,83.56,7.64,177.6,jute
62,52,50,24.25,83.81,7.19,195.04,jute
79,40,38,25.82,84.14,6.83,167.1,jute
86,52,41,23.23,78.69,7.08,147.04,jute
46,58,42,26.11,74.22,7.0,180.2,jute
54,57,39,24.11,77.71,5.89,186.57,jute
81,44,46,22.13,76.62,6.36,169.12,jute
79,49,36,23.15,88.03,7.66,177.57,jute
66,57,30,24.23,76.12,6.24,169.1,jute
65,46,39,23.66,77.75,6.61,190.9,jute
75,52,42,26.04,86.54,6.25,165.24,jute
104,43,22,24.49,80.27,5.65,201.38,jute
67,48,37,22.32,74.25,6.33,196.41,jute
75,41,33,27.29,86.92,7.17,184.55,jute
82,36,37,23.53,70.47,7.12,160.78,jute
95,53,42,26.13,76.52,7.44,175.56,jute
82,40,33,25.85,80.69,6.38,145.93,jute
58,55,35,24.22,86.85,6.25,160.16,jute
66,58,50,26.4,83.52,6.47,213.65,jute
82,52,38,24.36,87.92,6.92,203.73,jute
81,39,35,25.11,76.47,6.26,198.73,jute
69,47,40,23.72,86.85,6.25,179.93,jute
81,45,31,26.64,83.32,6.43,188.85,jute
83,35,33,27.18,81.15,6.47,157.53,jute
70,42,33,21.42,85.3,7.09,149.23,jute
80,38,37,24.21,77.46,7.5,165.89,jute
65,39,45,21.6,75.79,7.28,179.58,jute
80,63,40,23.48,78.19,6.25,199.82,jute
86,54,46,24.07,74.88,6.68,157.24,jute
80,55,37,25.2,79.13,7.02,161.34,jute
45,49,44,25.79,76.4,6.25,184.59,jute
80,44,49,23.01,88.48,6.71,137.99,jute
75,53,36,21.95,78.78,6.36,184.54,jute
89,37,34,26.41,75.31,6.27,151.13,jute
83,48,34,24.91,87.24,6.31,135.67,jute
84,45,34,26.2,83.8,5.82,161.65,jute
112,50,43,27.25,79.69,7.02,189.06,jute
86,43,40,23.72,79.66,6.23,158.89,jute
73,38,35,24.57,81.61,7.08,165.42,jute
98,53,42,25.21,81.2,7.17,199.17,jute
98,46,42,27.59,76.48,6.57,175.02,jute
91,53,37,21.88,80.83,6.33,144.9,jute
59,48,47,24.98,80.66,7.17,143.81,jute
85,45,42,23.93,75.51,6.76,207.68,jute
90,41,30,21.54,86.18,6.32,168.19,jute
97,33,47,24.39,73.86,6.6,160.25,jute
84,40,27,24.46,72.82,6.78,150.96,jute
70,47,37,25.4,83.0,6.24,173.41,jute
28,47,37,22.93,81.18,7.17,165.18,jute
63,47,30,23.58,85.71,6.72,137.11,jute
51,47,44,21.66,81.85,7.23,212.46,jute
82,50,26,29.1,76.72,6.33,169.6,jute
100,63,39,26.9,79.82,6.28,204.23,jute
68,58,46,26.13,88.74,7.59,171.2,jute
65,31,52,24.02,85.28,6.4,205.47,jute
67,36,37,23.84,82.58,6.68,187.25,jute
73,40,35,28.99,80.73,5.91,164.3,jute
79,60,45,23.06,91.69,6.69,199.63,jute
60,26,30,18.4,90.16,6.79,156.21,jute
84,47,42,27.32,78.15,6.35,191.26,jute
90,46,52,24.02,75.1,6.87,161.2,jute
85,39,36,28.68,77.57,6.38,198.11,jute
62,40,42,26.78,85.7,6.4,186.62,jute
71,41,46,23.8,80.99,6.76,153.28,jute
92,50,27,25.45,75.74,7.14,145.79,jute
95,30,29,27.03,49.69,7.36,168.5,coffee
121,33,28,22.93,55.42,7.34,185.71,coffee
91,11,27,24.92,57.3,6.91,175.52,coffee
115,30,19,24.82,72.62,6.85,165.36,coffee
106,30,17,25.02,58.57,7.21,158.95,coffee
76,30,24,23.07,53.8,6.92,183.18,coffee
108,31,31,25.7,62.98,5.73,160.22,coffee
85,34,28,25.56,49.77,7.11,170.55,coffee
109,23,25,25.95,54.63,6.87,114.78,coffee
93,38,31,25.83,70.71,5.77,141.69,coffee
94,33,33,23.77,64.79,6.54,182.23,coffee
85,27,26,27.61,55.66,6.68,168.14,coffee
109,33,30,24.66,56.7,6.71,162.99,coffee
98,28,21,26.83,59.89,7.1,158.0,coffee
74,25,28,26.99,46.38,6.72,168.27,coffee
91,28,25,24.04,56.35,6.42,171.67,coffee
89,22,37,27.42,47.63,6.39,162.85,coffee
105,19,34,27.15,61.69,7.24,167.05,coffee
107,37,34,23.82,62.6,6.43,168.08,coffee
108,19,28,26.03,56.18,6.83,174.12,coffee
100,29,35,26.45,60.0,6.32,171.42,coffee
105,35,29,21.87,48.6,6.99,146.6,coffee
107,28,28,25.31,53.61,6.69,146.31,coffee
95,26,27,27.34,58.02,7.11,188.76,coffee
113,31,30,27.23,59.34,7.09,170.28,coffee
95,33,29,25.29,55.94,6.77,177.93,coffee
114,30,31,28.04,57.9,6.25,184.02,coffee
93,23,20,26.64,49.07,6.4,169.76,coffee
111,24,28,23.75,55.51,6.81,147.97,coffee
97,19,34,26.52,63.56,7.22,141.5,coffee
95,16,44,25.2,65.03,6.2,177.93,coffee
128,27,23,25.22,45.44,6.68,174.42,coffee
100,26,31,26.71,48.84,6.74,206.72,coffee
80,27,38,27.71,55.72,6.78,157.96,coffee
89,27,27,25.73,54.31,6.19,157.17,coffee
126,28,27,27.01,57.85,7.45,157.92,coffee
111,23,31,26.05,58.46,6.5,145.24,coffee
105,31,28,26.07,58.57,6.74,153.99,coffee
101,44,30,26.79,61.43,6.59,183.88,coffee
96,34,27,23.58,60.99,6.26,168.71,coffee
83,26,21,31.15,48.88,6.7,180.87,coffee
116,33,27,28.2,64.28,6.78,162.81,coffee
96,22,35,28.12,53.5,6.64,155.13,coffee
100,28,33,24.01,53.72,7.19,148.75,coffee
82,25,27,28.61,64.35,7.16,174.4,coffee
115,23,28,23.52,57.54,6.97,160.69,coffee
120,21,31,23.0,59.37,7.0,153.71,coffee
109,22,20,26.61,69.26,6.3,182.44,coffee
101,19,23,25.53,56.37,6.17,124.12,coffee
88,29,28,24.5,60.01,7.12,165.88,coffee
99,33,24,25.05,57.59,6.21,149.6,coffee
69,39,24,28.67,59.03,6.93,148.22,coffee
104,31,32,27.05,56.59,6.51,126.12,coffee
108,34,37,26.11,54.2,6.02,178.83,coffee
74,25,27,25.36,59.01,6.76,109.69,coffee
101,14,32,24.39,45.86,6.37,146.6,coffee
118,29,30,27.86,58.22,7.0,171.68,coffee
81,36,21,27.33,49.7,6.94,195.24,coffee
97,26,32,24.84,69.71,6.78,151.6,coffee
92,22,25,24.8,55.87,6.44,199.98,coffee
85,28,31,26.76,58.45,6.6,167.03,coffee
104,26,21,24.56,51.92,6.43,158.66,coffee
106,38,26,27.05,60.64,7.22,169.52,coffee
85,17,30,24.44,52.92,6.19,161.22,coffee
123,25,31,25.3,51.06,6.99,136.11,coffee
101,25,33,23.38,61.15,6.36,147.78,coffee
46,40,31,23.97,52.05,6.5,172.34,coffee
72,27,37,23.23,59.28,7.58,170.64,coffee
102,31,26,28.1,56.4,5.92,150.17,coffee
86,26,27,27.89,62.97,6.81,157.94,coffee
85,14,29,27.09,58.15,6.49,167.29,coffee
99,38,35,27.42,63.35,6.18,171.26,coffee
106,31,31,26.41,75.01,6.67,176.73,coffee
93,32,33,26.23,68.82,6.35,148.26,coffee
104,33,29,28.07,54.83,6.24,164.16,coffee
99,31,28,24.82,58.35,6.71,151.9,coffee
97,25,33,25.89,72.34,6.76,146.98,coffee
141,30,33,26.68,62.54,6.91,135.96,coffee
106,20,28,24.05,60.94,6.83,167.62,coffee
105,24,27,27.34,65.21,6.24,127.38,coffee
90,34,35,23.65,60.64,7.43,166.31,coffee
122,33,24,25.12,59.01,6.74,176.33,coffee
107,10,22,21.13,59.85,6.8,163.66,coffee
86,32,32,22.99,50.0,6.7,193.84,coffee
126,31,25,27.27,56.09,6.39,115.12,coffee
102,24,29,20.9,59.82,5.73,179.76,coffee
108,26,31,23.54,59.23,7.02,96.11,coffee
94,27,28,28.41,52.06,6.45,119.68,coffee
123,26,26,25.4,62.62,6.84,210.96,coffee
107,25,26,24.71,49.79,6.72,173.67,coffee
91,23,36,22.65,46.39,6.24,127.19,coffee
106,25,27,27.81,54.65,7.01,188.23,coffee
94,32,27,27.35,49.37,6.04,150.17,coffee
87,24,27,26.94,56.35,6.37,150.97,coffee
89,22,20,25.64,55.39,7.09,129.05,coffee
92,38,24,25.03,51.5,6.16,188.95,coffee
103,28,20,26.22,65.74,7.16,171.37,coffee
84,29,32,21.91,52.07,7.06,175.52,coffee
77,32,29,27.06,54.99,6.96,174.88,coffee
95,28,25,28.8,58.08,6.33,143.68,coffee
